Expected Goals (xG)_home,Expected Goals (xG)_away,Ball Possession_home,Ball Possession_away,Total shots_home,Total shots_away,Shots on target_home,Shots on target_away,Big Chances_home,Big Chances_away,Corner Kicks_home,Corner Kicks_away,Passes_home,Passes_away,Yellow Cards_home,Yellow Cards_away,xG on target (xGOT)_home,xG on target (xGOT)_away,Shots off target_home,Shots off target_away,Blocked Shots_home,Blocked Shots_away,Shots inside the Box_home,Shots inside the Box_away,Shots outside the Box_home,Shots outside the Box_away,Hit the Woodwork_home,Hit the Woodwork_away,Touches in opposition box_home,Touches in opposition box_away,Accurate through passes_home,Accurate through passes_away,Offsides_home,Offsides_away,Free Kicks_home,Free Kicks_away,Long passes_home,Long passes_away,Passes in final third_home,Passes in final third_away,Crosses_home,Crosses_away,Expected assists (xA)_home,Expected assists (xA)_away,Throw-ins_home,Throw-ins_away,Fouls_home,Fouls_away,Tackles_home,Tackles_away,Duels won_home,Duels won_away,Clearances_home,Clearances_away,Interceptions_home,Interceptions_away,Errors leading to shot_home,Errors leading to shot_away,Errors leading to goal_home,Errors leading to goal_away,Goalkeeper Saves_home,Goalkeeper Saves_away,xGOT faced_home,xGOT faced_away,Goals prevented_home,Goals prevented_away,Red Cards_home,Red Cards_away,Headed Goals_home,Headed Goals_away
1.79,0.27,63%,37%,20,3,7,0,6,0,6,1,82%,74%,0,2,2.35,0.00,7,3,6,0,10,2,10,1,0,0,53,13,1,0,2,2,16,19,33%,31%,74%,59%,32%,25%,1.92,0.43,23,9,19,16,67%,65%,64,54,9,29,8,6,0,0,0,1,0,5,0.00,2.35,0.00,0.35,,,,
1.74,2.84,47%,53%,13,20,3,5,5,2,1,6,84%,86%,,,1.29,2.55,6,7,4,8,11,16,2,4,0,0,32,46,1,0,2,0,5,11,53%,61%,64%,71%,46%,17%,0.58,1.15,16,17,11,5,47%,64%,40,41,29,14,11,13,0,1,0,0,3,3,2.55,1.29,0.55,1.29,,,,
0.79,1.01,41%,59%,14,10,4,6,1,1,4,0,84%,87%,1,1,0.25,1.82,5,1,5,3,10,7,4,3,0,0,32,16,0,0,2,1,9,10,56%,39%,79%,70%,14%,22%,0.55,0.59,17,18,10,9,67%,40%,42,56,25,34,10,9,0,1,1,0,3,3,1.82,0.25,-1.18,-0.75,,,,
2.17,1.75,69%,31%,14,8,3,5,4,2,11,0,87%,71%,2,0,1.46,2.48,7,2,4,1,12,6,2,2,1,1,34,15,2,0,1,2,10,7,54%,34%,74%,49%,15%,33%,1.53,0.81,16,10,7,10,58%,53%,48,43,17,51,11,16,0,0,0,0,4,2,2.48,1.46,1.48,0.46,1,0,,
2.86,0.40,67%,33%,24,6,10,1,4,0,4,3,88%,73%,2,2,3.11,0.04,13,2,1,3,13,4,12,2,1,0,51,18,3,0,5,3,10,10,68%,31%,82%,60%,33%,0%,1.93,0.27,12,8,10,10,79%,44%,47,39,21,20,7,5,1,1,0,0,1,8,0.04,3.11,0.04,1.11,0,1,1,0
1.27,0.90,66%,34%,17,14,6,6,1,1,12,3,87%,78%,1,4,2.15,1.08,7,6,4,2,10,9,7,5,0,0,28,13,0,0,0,0,9,12,47%,44%,76%,55%,31%,27%,0.87,0.29,22,16,12,9,80%,67%,41,50,22,25,1,12,2,0,0,0,5,6,1.08,2.15,0.04,2.15,,,0,1
1.35,1.07,52%,48%,10,6,2,2,2,3,7,4,84%,80%,2,2,0.14,1.09,4,2,4,2,8,4,2,2,0,0,28,9,1,0,5,1,11,10,46%,25%,70%,64%,21%,8%,0.85,0.65,25,17,10,11,64%,63%,36,38,22,36,4,4,0,1,1,0,1,2,1.09,0.14,0.09,0.14,,,,
0.63,2.20,39%,61%,7,23,2,8,0,3,5,8,81%,91%,,,1.11,1.48,2,5,3,10,5,16,2,7,0,0,17,38,0,1,1,0,8,7,37%,64%,58%,88%,27%,21%,0.52,2.05,12,14,7,8,44%,22%,51,48,28,23,5,2,0,1,0,0,6,1,1.48,1.11,-0.52,0.11,,,1,0
1.95,2.27,32%,68%,4,24,2,9,3,4,2,11,77%,90%,3,1,1.55,4.05,1,7,1,8,4,18,0,5,0,1,10,46,0,1,1,2,8,13,39%,59%,40%,81%,0%,36%,0.25,1.37,21,10,13,8,50%,79%,33,54,39,7,9,7,1,0,0,0,5,1,4.05,1.55,-0.04,0.55,,,,
1.12,1.43,48%,52%,18,13,6,7,1,3,8,3,81%,84%,2,1,0.78,2.11,8,5,4,1,8,11,10,2,0,1,34,27,1,0,3,1,9,7,42%,52%,76%,63%,19%,31%,0.74,0.62,23,19,7,9,64%,59%,66,45,23,21,5,6,1,1,1,0,6,5,2.11,0.78,1.11,-0.22,,,,
1.69,1.52,32%,68%,14,12,10,3,2,2,0,9,73%,87%,1,2,3.58,1.88,4,3,0,6,11,8,3,4,0,0,20,20,1,0,2,0,8,14,34%,44%,56%,69%,50%,29%,0.96,0.77,18,30,14,8,55%,67%,41,46,30,15,6,2,0,0,0,0,1,6,1.88,3.58,-0.12,-0.42,,,0,2
1.60,1.06,58%,42%,12,8,5,2,2,2,3,1,90%,85%,1,3,1.48,0.63,5,4,2,2,5,6,7,2,1,1,20,16,2,0,2,3,13,7,55%,44%,84%,71%,29%,33%,1.11,0.36,14,14,7,13,44%,55%,28,26,19,25,6,5,2,0,1,1,1,2,0.63,1.48,-0.19,-1.52,1,1,,
2.34,2.11,49%,51%,25,18,12,5,2,3,3,3,87%,87%,1,0,3.87,1.45,9,6,4,7,17,12,8,6,0,0,60,45,2,0,2,1,8,9,65%,48%,83%,74%,21%,14%,2.24,1.54,17,15,9,8,46%,25%,54,29,13,24,6,8,1,1,0,0,3,9,1.45,3.87,-0.55,0.87,,,,
0.65,1.60,52%,48%,12,14,4,5,1,3,10,7,82%,83%,3,3,1.41,1.73,3,3,5,6,7,10,5,4,0,0,33,33,0,1,0,0,9,9,38%,38%,74%,74%,33%,14%,0.56,0.97,18,21,9,9,59%,65%,49,51,28,26,6,7,3,0,0,1,5,3,1.73,1.41,1.32,0.41,,,,
3.00,0.95,50%,50%,11,16,6,7,4,2,5,3,78%,85%,4,4,2.84,1.81,3,0,2,9,10,9,1,7,0,0,34,17,3,0,0,0,8,12,42%,46%,62%,84%,21%,32%,0.78,0.51,18,10,12,8,64%,67%,41,52,15,36,4,5,1,2,0,1,4,4,1.81,2.84,-1.19,0.56,,,0,2
0.70,1.56,51%,49%,9,20,3,2,0,1,2,2,85%,86%,1,0,0.71,0.28,4,9,2,9,8,16,1,4,1,1,12,31,0,0,0,4,12,15,37%,42%,65%,73%,0%,50%,0.24,1.13,16,25,15,12,71%,73%,48,58,14,18,7,3,1,0,0,1,2,1,0.28,0.71,0.28,-1.29,,,,
0.98,1.91,61%,39%,16,10,5,5,0,5,8,7,87%,79%,6,3,1.06,2.55,5,2,6,3,13,7,3,3,0,1,30,29,0,3,0,2,7,14,62%,42%,73%,68%,25%,29%,1.48,1.22,19,22,14,7,78%,58%,54,60,30,45,7,17,0,0,1,0,3,4,2.55,1.06,0.55,0.06,,,0,1
2.39,1.16,50%,50%,13,6,5,2,4,1,4,5,88%,87%,1,1,2.41,0.61,5,3,3,1,13,5,0,1,0,1,34,19,0,0,2,1,10,6,56%,36%,73%,62%,35%,18%,1.22,0.85,11,15,6,10,65%,75%,55,45,19,30,8,4,1,1,0,0,2,3,0.61,2.41,0.61,0.42,,,,
0.82,0.44,47%,53%,11,4,3,1,3,0,7,2,81%,80%,1,6,0.71,0.12,4,3,4,0,6,4,5,0,1,0,16,14,1,0,3,2,14,10,32%,49%,69%,66%,8%,13%,0.68,0.30,15,19,10,14,84%,52%,46,50,12,12,5,5,0,1,0,0,1,2,0.12,0.71,0.12,-0.29,,,1,0
1.56,0.32,69%,31%,18,3,7,1,2,1,9,1,90%,79%,1,2,2.06,0.10,7,1,4,1,11,2,7,1,0,0,40,8,0,0,1,0,12,5,61%,28%,79%,69%,14%,11%,1.42,0.17,12,14,5,12,87%,33%,44,23,9,33,3,13,0,1,0,0,1,5,0.10,2.06,0.10,-0.07,,,,
2.56,2.31,44%,56%,14,15,5,7,4,4,3,1,82%,87%,1,3,2.78,2.47,8,4,1,4,10,11,4,4,0,1,36,36,1,0,3,1,10,13,39%,41%,69%,74%,27%,33%,1.65,1.03,14,9,13,10,63%,60%,36,44,16,16,2,5,2,1,0,0,5,3,2.47,2.78,0.47,0.78,0,1,1,2
2.28,1.56,52%,48%,20,9,5,4,4,3,8,5,90%,87%,0,1,1.22,2.56,11,3,4,2,11,8,9,1,0,0,35,20,1,0,0,2,13,3,71%,35%,85%,74%,32%,20%,1.33,0.62,17,13,3,13,50%,65%,47,43,13,20,3,8,2,0,0,0,2,5,2.56,1.22,0.56,1.22,,,,
1.31,1.07,56%,44%,15,10,4,6,4,3,4,4,85%,79%,3,3,1.56,2.39,6,4,5,0,9,7,6,3,0,0,17,22,0,0,1,2,10,11,58%,33%,75%,56%,30%,33%,0.63,0.49,16,17,11,10,41%,64%,47,43,22,30,4,8,0,0,0,0,4,2,2.39,1.56,0.63,-0.44,,,2,1
0.68,3.39,47%,53%,8,23,1,10,1,8,4,8,77%,82%,1,1,0.02,3.32,2,6,5,7,7,17,1,6,0,1,16,35,0,4,2,3,10,12,30%,47%,53%,61%,14%,39%,0.55,2.14,17,15,12,10,57%,47%,49,42,28,16,7,11,0,0,0,0,8,1,3.32,0.02,1.32,0.02,,,,
1.89,0.63,45%,55%,15,10,6,3,1,1,2,8,84%,87%,4,2,2.04,0.36,6,3,3,4,14,6,1,4,0,0,39,22,0,0,1,0,13,9,51%,44%,76%,80%,50%,13%,1.48,0.45,18,9,9,13,60%,53%,35,44,28,16,3,4,0,0,0,1,3,4,0.36,2.04,0.36,0.04,0,1,,
0.29,0.99,66%,34%,10,6,4,3,2,2,10,0,86%,69%,4,5,0.44,1.41,3,3,3,0,8,4,2,2,0,1,28,15,0,0,2,0,12,19,57%,31%,79%,45%,16%,25%,0.64,0.56,14,17,19,12,50%,62%,46,48,34,22,3,5,0,0,1,0,2,4,1.41,0.44,0.41,0.44,0,1,,
0.96,1.05,64%,36%,18,11,6,7,1,3,5,5,86%,78%,1,0,1.27,1.23,8,1,4,3,10,9,8,2,0,0,33,19,0,0,0,0,9,15,55%,45%,76%,55%,26%,35%,0.78,0.73,18,14,15,9,64%,58%,40,44,29,28,5,14,1,0,1,0,4,5,1.23,1.27,-1.77,0.27,,,1,1
0.88,1.21,50%,50%,11,15,4,5,1,1,5,6,81%,85%,2,4,1.28,1.34,5,4,2,6,5,11,6,4,1,0,14,26,0,0,0,0,12,6,36%,46%,65%,74%,20%,19%,0.54,0.90,14,18,6,12,67%,46%,48,37,30,16,3,5,1,1,0,0,4,4,1.34,1.28,0.27,1.28,,,0,1
0.11,1.89,28%,72%,2,26,0,5,0,0,1,15,76%,89%,2,0,0.00,1.06,0,8,2,13,2,14,0,12,0,1,7,69,0,0,2,1,8,9,38%,56%,54%,88%,20%,23%,0.46,2.24,8,20,9,8,62%,50%,35,45,53,8,9,3,1,0,0,0,5,0,1.06,0.00,1.06,0.00,,,,
0.92,1.51,56%,44%,10,7,3,2,1,2,7,4,87%,84%,1,1,0.62,1.08,5,4,2,1,8,3,2,4,0,0,24,16,0,1,0,0,11,8,53%,44%,73%,65%,16%,27%,0.54,0.45,20,14,8,11,65%,60%,47,46,26,30,9,11,0,1,0,0,0,3,1.08,0.62,-0.92,0.62,,,,
2.56,0.71,49%,51%,20,12,3,4,2,0,7,4,73%,83%,3,8,1.07,1.20,11,2,6,6,14,7,6,5,1,0,43,17,1,1,1,1,15,9,35%,47%,61%,73%,23%,25%,1.31,0.67,24,20,9,15,73%,58%,52,47,30,57,10,8,0,2,0,0,3,2,1.20,1.07,0.20,0.07,,,,
2.91,1.17,35%,65%,17,11,7,2,5,3,3,6,84%,88%,2,2,3.04,0.23,6,5,4,4,14,9,3,2,2,0,34,35,0,0,6,0,11,10,35%,44%,65%,74%,50%,35%,1.32,1.07,12,24,10,11,65%,78%,40,30,33,11,12,3,0,1,0,0,1,4,0.23,3.04,-0.77,1.04,,,0,1
2.57,1.50,47%,53%,12,14,6,5,6,1,7,3,80%,82%,0,2,3.06,1.60,4,2,2,7,11,9,1,5,0,0,27,23,1,0,0,0,10,8,42%,27%,67%,77%,15%,30%,1.50,0.71,23,18,8,10,38%,71%,53,38,16,34,6,4,0,0,0,0,2,2,1.60,3.06,-1.40,-0.11,,,2,0
0.62,1.75,46%,54%,5,13,2,5,1,1,1,4,78%,83%,2,1,0.94,2.05,2,4,1,4,4,7,1,6,0,0,17,32,0,0,1,1,10,15,31%,56%,61%,76%,20%,17%,0.68,0.60,14,23,15,10,67%,64%,48,49,27,28,10,6,1,0,0,0,4,1,2.05,0.94,1.05,-0.06,,,,
1.10,0.48,56%,44%,11,7,2,2,2,2,1,3,74%,73%,2,2,0.84,0.32,4,5,5,0,6,4,5,3,0,0,19,12,1,0,3,4,15,18,40%,29%,57%,62%,24%,8%,0.86,0.30,29,26,18,15,66%,57%,66,60,14,30,6,6,0,1,1,0,1,1,0.32,0.84,-0.68,-0.40,,,,
1.43,1.06,51%,49%,13,9,4,2,3,3,2,3,85%,83%,0,2,1.57,1.15,5,5,4,2,12,6,1,3,0,0,33,10,3,1,3,0,16,7,38%,42%,74%,65%,13%,40%,0.97,0.73,14,13,7,16,75%,45%,47,34,14,17,8,9,1,0,0,0,0,3,1.15,1.57,-0.85,0.57,,,0,1
0.57,0.81,57%,43%,8,12,3,5,2,1,2,3,88%,85%,4,4,1.16,1.18,4,4,1,3,6,6,2,6,0,0,21,18,0,0,0,0,15,12,52%,38%,75%,72%,23%,17%,0.69,0.35,21,9,12,15,61%,87%,54,53,14,35,7,3,0,0,0,0,3,1,1.18,1.16,-0.82,-0.84,,,1,1
1.27,0.51,49%,51%,14,8,4,2,2,1,6,7,89%,87%,1,3,1.16,0.40,4,1,6,5,9,6,5,2,1,0,21,19,0,0,1,1,13,12,41%,47%,73%,71%,29%,40%,0.36,0.58,12,17,12,13,55%,77%,36,42,19,16,11,5,0,0,0,0,2,2,0.40,1.16,0.40,-0.84,,,,
0.69,0.71,52%,48%,10,11,3,3,3,1,5,3,88%,88%,0,5,1.16,0.67,5,5,2,3,7,8,3,3,1,0,16,24,1,0,1,2,17,6,57%,62%,69%,80%,23%,33%,1.04,0.68,7,11,6,17,55%,54%,47,46,27,18,4,5,1,0,0,0,3,2,0.67,1.16,0.67,0.09,,,1,0
0.65,0.44,64%,36%,9,6,2,1,1,2,4,5,91%,83%,,,0.72,0.00,5,4,2,1,5,4,4,2,0,2,40,15,0,1,0,1,11,7,73%,45%,85%,70%,18%,15%,0.65,0.12,21,19,7,11,53%,66%,42,49,15,19,6,6,1,0,0,0,1,1,0.00,0.72,0.00,-0.28,,,,
0.99,1.65,55%,45%,14,11,5,3,0,3,4,5,80%,76%,3,5,0.75,1.89,4,5,5,3,11,10,3,1,0,0,35,23,0,1,4,0,12,10,53%,48%,75%,56%,18%,43%,0.89,0.91,20,10,10,12,56%,88%,42,49,24,30,7,5,0,0,0,0,1,5,1.89,0.75,-0.11,0.75,,,,
2.14,0.37,63%,37%,25,8,8,3,2,1,8,2,86%,73%,2,1,2.21,0.78,8,3,9,2,16,4,9,4,0,0,36,14,2,0,1,3,9,16,42%,31%,77%,61%,12%,18%,2.02,0.27,13,21,16,9,72%,42%,41,39,15,19,7,8,0,0,0,0,2,3,0.78,2.21,-0.22,-1.79,,,0,1
0.67,2.57,39%,61%,8,25,1,6,0,2,5,10,73%,83%,4,2,0.73,1.70,6,6,1,13,6,17,2,8,1,0,15,44,0,2,2,2,12,11,32%,40%,73%,78%,24%,13%,0.76,1.36,24,21,11,12,50%,71%,35,45,32,18,11,9,0,0,0,1,5,0,1.70,0.73,0.63,-0.27,1,0,,
1.35,1.25,53%,47%,16,12,9,4,2,2,8,1,87%,88%,2,1,3.42,1.97,2,4,5,4,7,8,9,4,0,1,36,26,0,0,4,3,9,7,62%,57%,79%,78%,19%,14%,0.81,1.31,14,21,7,9,83%,11%,46,41,20,41,3,7,1,1,0,0,2,6,1.97,3.42,-0.03,-0.08,,,1,1
3.05,0.12,78%,22%,25,4,5,0,5,0,11,2,92%,67%,1,4,2.14,0.00,11,1,9,3,13,2,12,2,1,0,66,6,1,0,4,0,9,9,59%,39%,90%,54%,24%,17%,2.10,0.06,23,14,9,9,33%,50%,43,43,16,46,4,1,0,1,0,0,0,2,0.00,2.14,0.00,-0.86,0,1,2,0
0.56,2.16,36%,64%,7,26,3,5,1,1,0,13,77%,88%,1,1,1.28,2.77,0,16,4,5,6,18,1,8,1,1,13,38,0,0,1,2,12,10,31%,46%,57%,86%,13%,30%,0.26,1.82,6,17,10,12,44%,59%,44,50,42,31,4,1,0,0,0,0,3,2,2.77,1.28,0.86,0.28,,,1,1
2.22,1.15,56%,44%,20,8,6,2,2,1,4,2,88%,84%,1,4,1.59,1.23,8,3,6,3,13,4,7,4,0,0,27,13,0,1,0,3,17,7,58%,54%,72%,62%,38%,50%,1.59,0.63,23,15,7,17,62%,73%,65,48,10,20,3,7,0,1,0,0,2,3,1.23,1.59,1.23,-1.41,,,,
0.98,0.52,55%,45%,10,6,7,3,1,2,10,2,86%,84%,,,1.66,1.26,2,1,1,2,5,4,5,2,0,0,18,11,0,0,1,3,10,11,43%,50%,68%,54%,20%,33%,0.43,0.26,21,17,11,10,64%,72%,53,39,21,21,7,7,0,0,0,1,3,6,1.26,1.66,1.26,0.66,,,,
1.22,1.75,68%,32%,12,15,6,4,4,4,3,6,93%,82%,1,1,1.77,1.75,4,6,2,5,9,11,3,4,0,0,22,25,1,0,1,1,6,4,44%,52%,77%,71%,31%,37%,0.76,1.44,9,16,4,6,71%,56%,18,35,21,18,8,7,2,0,1,0,2,4,1.75,1.77,-0.25,-0.23,,,1,0
1.09,1.68,62%,38%,14,7,6,3,2,4,10,2,90%,81%,3,3,1.42,1.23,6,3,2,1,10,6,4,1,0,1,24,23,0,1,2,2,10,9,40%,48%,80%,63%,38%,20%,1.26,0.35,15,16,9,10,58%,69%,34,41,15,23,4,2,0,0,0,0,2,4,1.23,1.42,0.23,-0.58,,,,
2.14,0.64,70%,30%,22,4,6,3,4,1,7,1,88%,69%,1,4,0.88,1.37,12,1,4,0,16,1,6,3,1,0,45,4,0,1,0,3,12,11,57%,38%,81%,48%,33%,20%,1.65,0.38,26,23,11,12,53%,58%,46,68,14,55,8,9,0,1,1,0,1,5,1.37,0.88,-0.63,-0.12,,,1,1
0.20,2.62,42%,58%,5,28,0,10,0,9,1,13,77%,87%,1,2,0.00,0.52,4,12,1,6,3,24,2,4,1,3,13,48,0,1,2,2,7,11,24%,45%,46%,80%,20%,36%,0.15,2.59,25,20,11,7,83%,75%,40,54,42,22,6,10,1,0,0,0,9,0,0.52,0.00,-0.48,0.00,,,,
0.22,0.93,40%,60%,6,13,1,8,0,1,5,4,81%,88%,1,3,0.36,1.01,2,3,3,2,3,8,3,5,0,0,14,32,0,0,1,0,9,13,49%,52%,67%,72%,20%,23%,0.18,1.36,10,16,13,9,86%,56%,33,38,33,22,5,6,0,1,1,1,6,0,1.01,0.36,-0.99,-0.64,,,,
0.19,2.72,25%,75%,4,24,0,7,0,3,0,12,79%,91%,,,0.00,2.94,2,8,2,9,2,19,2,5,0,1,5,71,0,1,1,1,7,10,38%,71%,47%,86%,50%,19%,0.13,2.22,11,20,10,7,50%,75%,34,38,38,7,12,2,0,0,0,0,3,0,2.94,0.00,-1.06,0.00,1,0,,
1.10,0.25,60%,40%,12,4,2,2,1,0,9,2,89%,82%,2,3,0.07,0.72,6,1,4,1,5,1,7,3,0,0,26,8,0,0,2,1,19,11,63%,43%,84%,69%,7%,18%,1.05,0.26,12,16,11,19,62%,50%,77,55,17,28,6,5,0,0,0,0,1,2,0.72,0.07,-0.28,0.07,,,,
2.28,1.02,49%,51%,23,10,9,3,5,2,7,7,85%,85%,1,3,2.33,0.64,10,4,4,3,19,8,4,2,3,0,31,36,1,0,0,1,12,9,50%,44%,77%,76%,29%,27%,1.49,0.94,6,8,9,12,75%,55%,51,42,19,22,6,3,1,1,0,0,2,5,0.64,2.33,-0.36,-0.67,,,0,1
2.22,1.25,46%,54%,16,12,8,3,6,2,4,7,81%,84%,3,3,3.46,1.56,5,6,3,3,14,7,2,5,0,0,35,32,1,0,1,0,11,7,46%,43%,71%,75%,44%,27%,1.39,1.14,22,19,7,11,60%,72%,54,44,23,26,9,8,0,2,0,1,1,4,1.56,3.46,-0.44,-0.54,0,1,1,1
0.17,0.67,27%,73%,5,15,0,4,0,0,5,4,61%,88%,5,4,0.00,0.49,2,6,3,5,3,9,2,6,0,0,16,29,1,0,1,1,10,13,33%,53%,41%,81%,17%,25%,1.06,0.71,23,18,13,10,40%,75%,31,50,33,35,6,5,0,0,0,0,4,0,0.49,0.00,0.49,0.00,1,0,,
0.79,2.09,33%,67%,9,12,3,7,1,3,2,5,78%,88%,4,0,0.93,2.89,2,3,4,2,7,8,1,4,1,0,21,25,0,0,5,0,6,7,61%,53%,65%,81%,33%,20%,0.47,1.22,13,16,7,6,58%,50%,56,37,23,23,11,5,1,0,0,0,5,3,2.89,0.93,1.64,0.93,,,,
0.82,0.73,51%,49%,12,15,4,4,0,1,2,5,90%,88%,2,1,1.11,0.28,3,5,5,6,8,7,4,8,0,1,23,26,1,0,1,1,13,14,56%,51%,75%,76%,15%,21%,0.80,0.53,9,11,14,13,62%,67%,41,42,27,14,4,6,1,0,0,0,3,3,0.28,1.11,-0.12,0.19,,,,
1.39,2.00,60%,40%,14,11,7,4,5,3,5,4,84%,78%,2,3,2.20,1.24,4,4,3,3,9,8,5,3,0,0,18,28,0,0,2,1,15,9,53%,25%,68%,72%,23%,29%,0.56,1.12,15,20,9,15,50%,55%,37,27,26,22,7,5,1,1,0,2,4,2,1.24,2.20,1.24,-1.80,,,1,0
1.86,1.38,41%,59%,12,12,3,7,2,1,6,9,73%,81%,3,2,1.85,1.11,5,1,4,4,8,7,4,5,1,0,15,37,0,0,2,1,10,11,30%,42%,60%,73%,31%,21%,0.80,0.90,21,25,11,10,44%,75%,63,51,45,25,6,7,2,1,0,1,7,2,1.11,1.85,1.11,0.85,,,,
2.16,0.61,48%,52%,13,9,6,5,6,1,7,2,81%,80%,0,2,3.81,1.26,6,2,1,2,11,5,2,4,0,0,38,12,0,0,2,1,9,7,38%,36%,68%,72%,38%,33%,1.52,0.35,15,20,7,9,47%,57%,56,48,17,23,8,4,0,1,0,2,4,2,1.26,3.81,0.26,-0.19,,,,
2.14,1.14,74%,26%,34,13,9,4,4,3,15,4,88%,72%,2,2,3.81,1.57,15,8,10,1,19,6,15,7,2,0,55,9,1,0,1,2,7,11,31%,44%,84%,53%,37%,30%,1.76,1.07,20,6,11,7,50%,73%,37,51,7,50,4,8,1,0,0,0,2,7,1.57,3.81,-0.43,2.81,,,0,1
1.68,0.89,55%,45%,15,12,6,5,2,4,10,3,85%,85%,0,2,1.74,0.50,4,6,5,1,11,10,4,1,2,2,37,18,0,2,5,4,8,15,48%,36%,71%,63%,24%,10%,1.64,0.76,13,9,15,8,61%,40%,42,46,17,38,4,12,1,1,0,0,4,4,0.50,1.74,0.50,-0.26,,,1,0
2.44,1.89,38%,62%,13,11,5,4,4,2,1,4,81%,88%,1,2,2.69,2.54,6,5,2,2,9,8,4,3,0,1,19,21,0,0,2,3,15,12,29%,62%,61%,80%,33%,26%,1.11,0.77,12,21,12,15,76%,69%,52,37,28,11,9,8,0,1,1,2,2,1,2.54,2.69,0.54,-0.31,,,0,1
0.79,0.19,64%,36%,14,3,3,2,1,1,13,5,87%,78%,1,3,0.30,0.26,5,1,6,0,8,3,6,0,0,0,38,16,1,0,3,1,9,7,31%,44%,80%,58%,29%,20%,0.88,0.46,13,12,7,9,50%,59%,34,39,13,34,7,9,0,0,0,0,1,2,0.26,0.30,-0.74,-0.70,,,,
4.04,1.62,59%,41%,21,15,7,6,7,2,3,6,86%,78%,2,5,3.30,1.30,9,6,5,3,15,11,6,4,2,0,48,27,3,0,1,1,11,9,52%,36%,71%,71%,47%,36%,1.93,0.76,12,18,9,11,75%,77%,50,39,14,26,6,4,1,1,1,0,4,5,1.30,3.30,-0.70,1.30,,,0,1
0.49,1.30,42%,58%,10,13,5,5,0,2,1,7,75%,81%,0,3,1.13,1.32,2,4,3,4,5,8,5,5,0,0,9,29,1,1,2,1,13,9,23%,52%,57%,73%,33%,29%,0.35,1.17,18,17,9,13,67%,70%,47,47,44,29,5,1,0,0,1,0,4,5,1.32,1.13,0.32,1.13,,,,
0.28,2.88,40%,60%,7,25,2,10,1,5,2,13,86%,93%,3,1,0.33,3.27,4,9,1,6,5,13,2,12,0,1,8,48,0,2,0,0,4,11,55%,73%,72%,88%,13%,10%,0.13,1.39,6,10,11,4,58%,44%,31,45,37,19,11,9,1,0,0,0,7,2,3.27,0.33,0.27,0.33,,,,
3.63,2.07,68%,32%,21,7,9,3,11,2,1,4,91%,81%,2,3,4.05,2.17,7,4,5,0,16,5,5,2,1,0,30,9,1,0,1,4,16,10,52%,57%,80%,56%,17%,25%,1.74,0.55,10,15,10,16,70%,42%,44,31,11,23,7,11,0,0,1,0,1,4,2.17,4.05,0.17,-0.95,,,0,1
0.47,3.26,58%,42%,7,16,2,5,0,4,12,2,84%,80%,2,0,0.37,2.94,4,8,1,3,6,10,1,6,0,1,16,23,0,0,3,2,9,8,44%,38%,68%,70%,26%,14%,0.60,0.80,19,14,8,9,59%,74%,48,46,11,33,15,6,3,1,1,0,2,2,2.94,0.37,-0.06,0.37,,,,
0.92,0.49,42%,58%,13,9,2,5,1,1,5,3,84%,88%,3,2,0.18,0.34,5,3,6,1,8,4,5,5,0,0,29,15,2,1,1,2,9,13,41%,47%,74%,73%,24%,0%,1.42,0.44,17,18,13,9,47%,60%,53,44,19,24,15,7,0,1,0,0,5,2,0.34,0.18,0.34,0.18,,,,
1.22,1.32,41%,59%,9,21,2,5,2,3,3,6,76%,84%,1,3,0.40,1.04,5,9,2,7,7,13,2,8,0,0,25,33,1,0,3,1,12,12,45%,50%,65%,72%,20%,28%,1.78,0.73,18,7,12,12,43%,73%,45,42,20,26,8,11,0,1,0,0,5,2,1.04,0.40,1.04,0.40,,,,
0.75,1.11,38%,62%,12,14,6,6,3,3,4,4,78%,84%,3,0,1.78,1.88,4,5,2,3,8,10,4,4,0,1,21,29,0,0,2,3,9,10,44%,33%,71%,69%,8%,20%,0.76,0.79,11,29,10,9,79%,44%,60,41,44,21,9,8,2,2,0,2,4,3,1.88,1.78,-0.12,-1.22,,,,
2.21,1.04,51%,49%,13,12,8,4,3,1,4,1,89%,89%,1,1,3.43,0.44,2,2,3,6,11,9,2,3,0,1,25,24,1,0,1,1,20,16,46%,46%,78%,82%,13%,7%,1.08,0.57,17,10,16,20,65%,62%,48,55,14,16,9,8,0,2,0,0,3,5,0.44,3.43,-0.56,0.43,,,,
2.52,1.20,53%,47%,17,19,8,3,5,0,4,4,85%,85%,2,2,2.74,0.77,6,14,3,2,13,10,4,9,0,1,29,19,2,0,0,5,15,7,48%,51%,71%,82%,23%,22%,1.21,0.49,14,7,7,15,50%,55%,42,41,11,23,4,8,1,0,0,0,2,6,0.77,2.74,-0.23,0.74,,,,
0.61,0.94,38%,62%,8,11,3,5,0,2,2,4,75%,85%,4,3,1.08,1.59,1,3,4,3,5,7,3,4,0,0,11,22,0,0,3,1,13,12,34%,54%,52%,71%,10%,15%,0.35,0.95,16,26,12,13,71%,52%,51,57,33,21,9,6,0,0,0,0,4,1,1.59,1.08,0.59,-0.92,2,1,,
1.10,2.57,44%,56%,6,22,2,7,1,4,4,8,76%,82%,2,2,0.89,2.10,2,9,2,6,5,19,1,3,0,1,16,40,0,1,1,1,16,12,51%,41%,52%,68%,7%,50%,0.71,2.17,26,24,12,16,58%,62%,52,52,33,29,4,5,0,1,0,0,5,1,2.10,0.89,0.10,-0.11,,,,
0.65,2.15,56%,44%,9,11,3,4,1,2,4,7,79%,74%,2,2,1.47,1.94,5,4,1,3,6,7,3,4,0,1,16,20,1,0,4,1,13,13,39%,38%,64%,56%,29%,29%,0.52,0.97,25,17,13,13,91%,50%,50,62,30,28,7,7,0,0,1,0,2,1,1.94,1.47,-0.06,-0.53,,,2,0
1.05,1.83,29%,71%,5,14,2,5,2,1,3,8,70%,87%,3,1,0.96,0.98,2,3,1,6,4,11,1,3,0,0,19,44,0,0,0,1,13,17,35%,42%,54%,73%,14%,22%,0.42,0.79,17,14,17,13,65%,41%,43,62,32,29,5,3,0,0,1,0,4,1,0.98,0.96,-0.02,-0.04,,,,
1.09,0.79,50%,50%,11,8,5,2,3,2,4,6,85%,88%,5,5,1.80,0.74,4,3,2,3,8,5,3,3,1,0,33,26,0,0,5,4,16,7,50%,44%,77%,79%,23%,12%,0.68,0.83,21,10,7,16,100%,47%,41,43,25,30,3,7,0,0,0,0,2,4,0.74,1.80,0.74,0.80,,,1,0
1.39,0.67,74%,26%,17,5,3,0,1,2,11,5,87%,64%,2,2,0.27,0.00,5,2,9,3,11,3,6,2,0,1,33,17,0,0,2,4,11,7,59%,33%,83%,51%,13%,6%,1.04,0.20,22,10,7,11,47%,71%,50,51,20,50,7,12,0,0,0,0,0,2,0.00,0.27,0.00,-0.73,,,,
1.95,1.18,64%,36%,24,10,7,2,2,3,8,3,82%,70%,1,2,1.39,1.02,10,6,7,2,11,7,13,3,0,0,27,16,1,0,0,0,15,14,50%,36%,69%,49%,22%,15%,0.71,0.38,19,21,14,15,75%,69%,53,48,20,58,6,7,1,0,0,1,0,6,1.02,1.39,-0.98,0.39,,,,
1.01,1.20,55%,45%,11,8,4,5,0,2,4,0,85%,83%,2,3,0.57,1.69,5,3,2,0,8,7,3,1,1,0,26,18,0,1,1,0,11,16,38%,46%,69%,68%,26%,33%,0.70,0.68,24,13,16,11,69%,58%,48,52,15,33,6,6,0,0,0,0,2,4,1.69,0.57,-1.31,0.57,,,,
2.52,0.02,73%,27%,18,2,5,0,2,0,5,0,94%,80%,1,4,2.76,0.00,5,2,8,0,11,1,7,1,0,0,47,3,1,0,2,1,8,11,65%,31%,89%,64%,25%,29%,2.12,0.12,10,9,11,8,67%,47%,38,39,16,26,3,6,0,0,0,1,0,3,0.00,2.76,0.00,0.76,,,,
1.43,1.63,48%,52%,21,12,4,3,2,1,4,5,76%,77%,1,1,1.62,1.27,9,3,8,6,15,10,6,2,0,1,35,37,0,0,2,0,12,12,30%,47%,67%,59%,44%,27%,1.19,0.68,24,13,12,12,86%,55%,57,48,32,20,7,8,0,4,0,1,2,2,1.27,1.62,0.27,-0.38,,,,
0.51,0.88,43%,57%,8,9,2,3,1,1,2,2,78%,84%,2,1,0.88,0.90,3,5,3,1,7,7,1,2,0,1,23,21,1,0,2,4,9,14,46%,41%,65%,77%,46%,13%,0.67,0.56,22,13,14,9,33%,72%,48,43,28,23,9,6,1,1,0,0,2,1,0.90,0.88,-0.10,-0.12,,,1,1
0.54,1.66,32%,68%,8,23,2,6,0,2,3,10,73%,86%,1,3,0.85,0.49,4,9,2,8,6,16,2,7,0,1,17,41,1,1,1,1,12,5,33%,56%,66%,77%,20%,24%,0.66,1.58,14,18,5,12,50%,74%,60,55,43,17,6,4,1,0,0,0,6,1,0.49,0.85,0.49,-0.15,,,,
2.31,0.81,52%,48%,17,9,4,3,3,2,5,4,90%,87%,1,3,1.88,0.89,6,4,7,2,15,8,2,1,0,0,38,15,0,0,5,0,10,2,42%,50%,82%,80%,32%,27%,1.20,0.95,13,9,2,10,46%,81%,39,42,14,32,3,4,0,1,0,1,2,2,0.89,1.88,-0.11,-0.12,,,1,0
0.89,1.02,41%,59%,9,10,2,1,2,3,1,2,81%,86%,4,2,0.43,0.20,6,7,1,2,4,8,5,2,1,1,16,18,0,0,1,0,12,16,23%,32%,65%,67%,33%,27%,0.43,1.00,27,20,16,12,61%,69%,50,56,33,26,13,13,1,0,0,0,1,1,0.20,0.43,0.20,-0.57,,,,
1.17,0.78,54%,46%,11,18,3,5,3,1,6,4,83%,78%,2,0,,,2,8,6,5,7,7,4,11,0,1,21,17,,,4,2,6,6,,,62%,66%,7%,25%,,,16,25,6,6,57%,60%,,,23,31,10,9,,,,,2,3,,,,,,,,
0.77,0.35,41%,59%,12,8,4,2,0,0,5,4,84%,87%,3,3,,,6,3,2,3,9,3,3,5,0,0,27,8,,,2,1,13,10,,,74%,75%,29%,23%,,,20,15,10,13,50%,64%,,,21,24,4,5,,,,,2,3,,,,,,,1,0
0.99,0.98,57%,43%,13,12,4,4,1,3,6,5,84%,84%,,,,,3,4,6,4,7,10,6,2,0,1,28,26,,,1,1,10,13,,,78%,76%,24%,50%,,,23,16,13,10,60%,54%,,,18,32,8,9,,,,,4,2,,,,,,,,
1.65,0.82,59%,41%,17,10,5,4,3,3,4,3,80%,70%,3,0,,,7,5,5,1,13,7,4,3,1,0,44,26,,,4,2,7,13,,,77%,63%,38%,20%,,,19,22,13,7,69%,56%,,,33,39,8,7,,,,,2,4,,,,,,,0,1
0.92,0.58,54%,46%,13,9,5,4,1,0,6,5,84%,80%,1,2,,,4,4,4,1,12,7,1,2,0,0,28,24,,,1,0,8,12,,,75%,72%,29%,27%,,,21,22,12,8,56%,29%,,,25,34,9,10,,,,,3,4,,,,,,,1,0
0.48,1.28,56%,44%,11,11,4,6,0,3,6,3,83%,76%,1,1,,,5,4,2,1,4,6,7,5,0,0,12,19,,,1,1,13,4,,,67%,72%,17%,17%,,,15,22,4,13,80%,73%,,,21,33,4,4,,,,,2,2,,,,,,,1,0
1.77,2.11,60%,40%,11,15,3,3,4,6,4,5,81%,73%,2,5,,,7,10,1,2,8,12,3,3,1,0,36,27,,,1,1,10,10,,,74%,54%,45%,64%,,,15,22,10,10,60%,56%,,,27,27,2,8,,,,,1,1,,,,,,,,
1.08,0.44,60%,40%,10,5,3,3,2,1,5,1,89%,87%,,,,,3,2,4,0,9,3,1,2,2,0,26,12,,,2,1,13,12,,,80%,71%,28%,18%,,,27,9,12,13,69%,65%,,,9,36,5,9,,,,,1,2,,,,,,,0,1
0.45,1.38,51%,49%,9,9,2,3,1,2,3,4,80%,81%,0,1,,,1,3,6,3,4,6,5,3,0,0,21,28,,,1,1,15,7,,,64%,74%,19%,32%,,,16,22,7,15,60%,33%,,,18,29,8,9,,,,,2,2,,,,,,,,
1.65,1.61,32%,68%,10,17,6,6,2,3,2,9,75%,89%,0,1,,,2,6,2,5,6,9,4,8,0,0,18,34,,,0,1,11,8,,,66%,86%,27%,7%,,,8,22,8,11,56%,62%,,,34,14,7,5,,,,,5,5,,,,,,,,
1.68,0.10,57%,43%,20,3,7,3,2,0,12,2,87%,82%,1,0,,,5,0,8,0,10,1,10,2,1,0,48,4,,,0,2,13,12,,,81%,59%,30%,6%,,,11,20,12,13,82%,67%,,,22,37,10,5,,,,,3,6,,,,,,,,
1.52,2.74,61%,39%,12,17,4,8,1,3,3,6,82%,76%,3,3,,,3,4,5,5,8,15,4,2,2,2,28,27,,,0,3,16,15,,,73%,63%,38%,36%,,,36,13,15,16,83%,61%,,,20,28,8,14,,,,,6,2,,,,,,,,
0.60,1.32,66%,34%,11,12,3,4,1,2,5,5,88%,76%,2,2,,,5,1,3,7,5,7,6,5,0,0,18,16,,,0,1,16,11,,,74%,56%,17%,31%,,,21,9,11,16,62%,56%,,,26,36,6,9,,,,,3,2,,,,,,,,
0.64,1.32,60%,40%,13,12,3,4,0,2,6,5,86%,76%,2,2,,,4,2,6,6,7,10,6,2,1,0,36,19,,,2,3,5,10,,,75%,65%,19%,25%,,,12,14,10,5,31%,45%,,,33,40,7,5,,,,,3,3,,,,,,,,
1.61,0.90,53%,47%,9,6,4,1,3,1,3,7,86%,85%,0,2,,,3,2,2,3,8,6,1,0,0,0,31,13,,,4,1,12,6,,,71%,73%,31%,17%,,,16,13,6,12,61%,41%,,,24,42,14,3,,,,,0,2,,,,,,,1,0
3.42,1.17,55%,45%,19,15,4,8,5,2,5,4,73%,73%,4,3,,,6,4,9,3,14,9,5,6,1,0,25,17,,,0,0,7,8,,,62%,57%,37%,19%,,,26,28,8,7,52%,67%,,,33,30,9,8,,,,,8,3,,,,,,,,
4.11,0.31,71%,29%,28,6,7,4,8,1,6,4,91%,77%,2,1,,,13,0,8,2,23,3,5,3,0,0,59,8,,,0,1,9,10,,,82%,48%,30%,20%,,,21,10,10,9,79%,45%,,,10,37,10,9,,,,,3,4,,,,,,,,
0.62,0.85,31%,69%,9,14,4,3,0,0,3,2,80%,90%,3,2,,,3,8,2,3,6,6,3,8,1,1,18,25,,,1,1,7,9,,,68%,83%,39%,11%,,,15,17,9,7,56%,67%,,,25,19,4,5,,,,,3,3,,,,,,,,
1.33,0.38,58%,42%,8,10,2,2,3,0,3,3,90%,84%,,,,,3,3,3,5,7,5,1,5,0,0,20,9,,,1,0,6,12,,,86%,70%,24%,17%,,,17,16,12,6,67%,44%,,,23,26,8,8,,,,,2,0,,,,,,,,
1.56,0.21,62%,38%,12,3,3,0,1,1,4,2,89%,84%,0,1,,,5,2,4,1,9,2,3,1,0,0,29,16,,,0,1,11,12,,,77%,77%,0%,7%,,,20,18,12,11,61%,62%,,,25,20,9,6,,,,,0,1,,,,,,,,
1.49,1.37,52%,48%,12,14,3,4,2,3,2,5,84%,83%,2,1,,,6,8,3,2,8,7,4,7,1,0,29,17,,,1,0,6,3,,,70%,71%,20%,19%,,,21,23,3,6,69%,53%,,,24,34,9,4,,,,,3,2,,,,,,,1,1
0.72,1.42,44%,56%,10,12,6,3,2,1,5,6,82%,86%,4,4,,,1,4,3,5,8,5,2,7,0,0,23,19,,,0,2,16,9,,,62%,76%,29%,13%,,,15,9,9,16,56%,60%,,,24,22,5,10,,,,,1,3,,,,,1,0,1,0
0.37,0.97,35%,65%,6,13,2,1,1,2,3,11,74%,87%,1,1,,,1,3,3,9,4,8,2,5,0,1,16,30,,,1,2,17,10,,,63%,81%,22%,22%,,,16,9,10,17,56%,50%,,,30,23,8,6,,,,,1,2,,,,,,,,
1.12,2.09,55%,45%,10,12,6,5,2,4,8,3,88%,88%,3,0,,,2,2,2,5,10,8,0,4,0,0,25,27,,,0,2,14,12,,,71%,85%,47%,17%,,,19,18,12,14,60%,61%,,,15,18,6,10,,,,,4,6,,,,,,,,
2.56,0.72,60%,40%,19,7,10,2,7,2,4,2,91%,84%,1,2,,,7,2,2,3,13,5,6,2,0,0,39,12,,,2,0,9,6,,,87%,65%,45%,40%,,,15,13,6,9,53%,69%,,,15,13,7,9,,,,,2,6,,,,,,,2,0
2.33,1.48,43%,57%,11,19,4,5,5,2,1,9,72%,79%,2,1,,,4,7,3,7,7,12,4,7,1,0,26,41,,,0,3,14,12,,,61%,67%,38%,36%,,,28,18,12,14,62%,52%,,,33,26,6,10,,,,,4,2,,,,,,,,
3.82,0.33,36%,64%,19,6,6,2,6,2,3,8,73%,86%,3,1,,,8,3,5,1,15,6,4,0,0,1,30,19,,,7,7,10,19,,,59%,68%,33%,31%,,,13,20,19,10,69%,50%,,,24,14,9,9,,,,,1,2,,,,,,,,
1.22,1.84,60%,40%,18,11,5,5,0,3,7,4,88%,85%,1,3,,,7,3,6,3,11,10,7,1,0,0,24,15,,,1,0,15,8,,,74%,74%,21%,33%,,,21,8,8,15,60%,85%,,,10,40,5,5,,,,,3,4,,,,,,,,
0.63,0.71,66%,34%,16,8,5,4,0,1,7,5,91%,81%,,,,,3,2,8,2,6,6,10,2,0,0,40,28,,,2,4,10,3,,,84%,64%,17%,29%,,,20,6,3,10,20%,61%,,,17,34,4,5,,,,,2,5,,,,,,,,
3.05,2.18,57%,43%,13,17,5,5,4,3,7,6,81%,73%,1,4,,,3,5,5,7,13,10,0,7,1,0,34,26,,,1,0,13,11,,,67%,64%,17%,40%,,,22,19,11,13,65%,70%,,,38,26,10,2,,,,,2,1,,,,,,,,
2.56,2.12,52%,48%,12,15,6,7,3,2,2,3,87%,88%,1,3,,,3,5,3,3,10,10,2,5,0,0,33,25,,,1,1,16,15,,,74%,78%,23%,25%,,,14,13,15,16,53%,44%,,,17,25,6,7,,,,,6,4,,,,,,,,
1.23,1.20,68%,32%,20,5,2,2,1,1,2,0,89%,78%,1,3,,,8,3,10,0,14,5,6,0,0,0,42,8,,,3,2,15,15,,,84%,64%,23%,38%,,,16,11,15,15,45%,33%,,,6,44,6,14,,,,,1,2,,,,,1,0,0,1
0.63,1.97,45%,55%,8,13,3,5,1,3,6,7,77%,80%,3,3,,,2,5,3,3,6,8,2,5,0,1,23,15,,,1,1,9,17,,,64%,66%,12%,13%,,,23,16,17,9,46%,50%,,,27,40,11,7,,,,,4,3,,,,,1,0,,
0.23,1.22,62%,38%,10,10,0,5,0,2,7,7,83%,76%,1,3,,,5,3,5,2,4,7,6,3,0,0,22,16,,,0,3,7,10,,,70%,53%,19%,20%,,,17,13,10,7,40%,46%,,,17,32,8,9,,,,,3,0,,,,,,,,
1.13,1.62,41%,59%,17,10,5,6,1,1,4,4,82%,87%,2,1,,,5,1,7,3,10,10,7,0,1,0,26,23,,,2,1,14,15,,,71%,71%,32%,25%,,,12,8,15,14,50%,56%,,,11,14,8,4,,,,,2,4,,,,,,,,
0.13,4.01,49%,51%,6,18,1,12,0,10,5,6,80%,82%,2,0,,,2,3,3,3,2,14,4,4,0,1,5,35,,,2,1,12,11,,,56%,69%,18%,33%,,,16,15,11,12,62%,53%,,,24,24,12,7,,,,,8,1,,,,,,,,
1.85,0.41,38%,62%,9,9,8,3,4,1,7,8,73%,86%,4,1,,,0,2,1,4,8,4,1,5,0,0,23,20,,,1,0,9,12,,,58%,72%,35%,15%,,,13,17,12,9,75%,61%,,,37,39,8,11,,,,,1,6,,,,,,,1,0
0.55,1.53,48%,52%,8,14,3,6,1,3,5,6,83%,84%,4,0,,,3,3,2,5,5,12,3,2,0,1,22,34,,,1,1,10,10,,,72%,69%,14%,43%,,,19,12,10,10,45%,89%,,,31,35,13,7,,,,,2,3,,,,,,,0,1
0.73,2.44,52%,48%,9,17,4,3,2,3,6,8,84%,84%,1,0,,,3,10,2,4,5,14,4,3,0,1,24,44,,,2,2,6,8,,,69%,75%,21%,14%,,,12,16,8,6,55%,73%,,,20,24,3,7,,,,,1,2,,,,,,,1,0
2.15,1.54,57%,43%,22,16,7,6,1,2,10,5,88%,84%,1,2,,,6,6,9,4,19,14,3,2,0,0,45,32,,,0,7,9,13,,,82%,81%,33%,33%,,,12,13,13,9,46%,69%,,,27,27,4,10,,,,,6,6,,,,,,,,
1.76,1.33,50%,50%,10,16,3,4,1,0,4,3,83%,84%,2,2,,,6,7,1,5,8,6,2,10,0,0,23,22,,,5,3,13,15,,,75%,69%,23%,10%,,,21,15,15,13,63%,73%,,,18,21,14,6,,,,,3,1,,,,,,,,
1.66,0.76,58%,42%,17,11,6,6,4,1,6,2,77%,72%,0,1,,,6,1,5,4,9,6,8,5,1,0,23,19,,,3,1,12,9,,,63%,55%,28%,25%,,,23,19,9,12,63%,35%,,,34,48,8,11,,,,,4,5,,,,,,,,
2.01,0.36,75%,25%,25,4,6,3,3,0,16,1,91%,73%,0,5,,,10,0,9,1,15,2,10,2,1,0,47,8,,,2,3,11,7,,,83%,54%,16%,33%,,,12,13,7,11,67%,48%,,,9,37,5,13,,,,,2,5,,,,,0,1,,
2.24,0.40,56%,44%,24,8,10,2,2,0,8,4,88%,85%,,,,,8,3,6,3,20,6,4,2,0,0,37,16,,,1,1,8,13,,,79%,79%,30%,21%,,,11,10,13,8,100%,60%,,,26,29,7,8,,,,,1,8,,,,,,,2,0
1.89,0.39,62%,38%,11,3,7,1,4,0,7,4,91%,83%,0,1,,,2,1,2,1,7,3,4,0,0,0,24,10,,,0,3,13,5,,,85%,72%,54%,21%,,,13,15,5,13,50%,62%,,,19,19,6,7,,,,,1,3,,,,,,,,
0.55,1.16,45%,55%,11,14,4,7,1,3,4,6,80%,83%,1,3,,,3,3,4,4,7,10,4,4,0,0,23,31,,,0,0,15,13,,,68%,76%,20%,28%,,,16,27,13,15,67%,44%,,,29,28,11,7,,,,,4,3,,,,,,,0,1
0.78,1.52,59%,41%,13,14,3,5,0,2,9,2,85%,78%,1,1,,,3,5,7,4,6,10,7,4,1,1,24,33,,,2,4,13,10,,,77%,70%,10%,25%,,,17,12,10,13,40%,58%,,,22,28,2,7,,,,,4,3,,,,,,,,
0.22,1.49,39%,61%,6,11,2,5,0,3,3,7,73%,85%,2,1,,,2,3,2,3,4,6,2,5,0,2,25,32,,,1,4,10,9,,,53%,75%,44%,22%,,,22,23,9,10,59%,73%,,,28,20,6,6,,,,,3,2,,,,,,,0,1
1.70,0.57,30%,70%,13,8,5,0,3,1,2,9,76%,88%,1,2,,,6,6,2,2,8,6,5,2,1,0,22,24,,,2,3,15,12,,,60%,80%,67%,11%,,,10,17,12,15,50%,25%,,,32,9,15,7,,,,,0,2,,,,,,,,
0.98,0.65,37%,63%,10,6,3,4,1,2,2,3,67%,80%,4,4,,,5,0,2,2,7,4,3,2,0,0,16,18,,,3,2,20,9,,,58%,66%,19%,11%,,,19,19,9,20,68%,61%,,,43,36,7,7,,,,,2,1,,,,,1,1,0,1
1.37,1.12,67%,33%,23,14,4,5,2,2,4,3,84%,74%,3,1,,,9,6,10,3,15,9,7,5,0,1,35,25,,,0,1,10,11,,,76%,71%,30%,29%,,,19,11,11,10,78%,50%,,,14,34,3,11,,,,,4,2,,,,,,,,
1.04,0.81,46%,54%,12,7,7,4,2,1,5,2,86%,89%,2,0,,,2,3,3,0,8,5,4,2,0,1,17,15,,,3,1,7,6,,,77%,89%,8%,21%,,,14,14,6,7,46%,62%,,,20,21,6,6,,,,,3,2,,,,,,,0,1
2.06,0.86,54%,46%,20,13,4,2,2,2,10,3,82%,82%,0,1,,,10,5,6,6,14,8,6,5,1,0,49,21,,,0,1,11,4,,,76%,71%,29%,22%,,,17,13,4,11,71%,59%,,,11,49,6,11,,,,,0,4,,,,,,,,
1.31,2.61,66%,34%,17,11,2,3,1,4,11,0,81%,64%,3,1,,,6,7,9,1,12,8,5,3,1,1,59,22,,,0,1,13,12,,,77%,41%,32%,29%,,,18,18,12,13,67%,45%,,,20,45,12,13,,,,,1,2,,,,,,,,
1.57,0.51,32%,68%,8,10,5,3,4,1,5,8,82%,89%,2,3,,,3,2,0,5,6,4,2,6,0,0,12,19,,,6,3,13,20,,,67%,78%,7%,4%,,,13,14,20,13,60%,62%,,,32,13,14,1,,,,,3,3,,,,,,,,
1.00,2.66,49%,51%,14,19,3,7,4,3,3,3,80%,82%,2,3,,,8,5,3,7,8,12,6,7,2,0,28,33,,,4,1,9,15,,,73%,73%,24%,23%,,,14,19,15,9,37%,61%,,,23,25,10,10,,,,,5,3,,,,,,,,
2.35,0.39,47%,53%,13,9,7,1,7,0,5,6,81%,81%,,,,,4,2,2,6,11,5,2,4,1,0,33,16,,,3,1,13,7,,,64%,56%,33%,14%,,,24,13,7,13,62%,67%,,,27,16,5,8,,,,,1,3,,,,,,,,
1.55,1.01,57%,43%,15,9,6,4,2,1,1,2,85%,78%,0,3,,,5,1,4,4,8,6,7,3,1,0,27,15,,,0,4,14,11,,,76%,60%,21%,36%,,,25,9,11,14,50%,50%,,,16,28,3,8,,,,,2,5,,,,,,,,
0.91,1.64,47%,53%,11,15,4,4,3,2,3,7,81%,82%,4,4,,,6,4,1,7,9,10,2,5,2,0,32,30,,,4,0,15,10,,,71%,73%,31%,25%,,,20,14,10,15,29%,74%,,,24,23,3,7,,,,,2,3,,,,,,,,
3.23,0.80,37%,63%,14,10,9,5,6,1,4,6,78%,86%,1,3,,,4,3,1,2,11,6,3,4,1,1,29,30,,,1,0,13,8,,,73%,71%,40%,17%,,,13,10,8,13,59%,62%,,,37,11,6,5,,,,,5,2,,,,,,,2,0
0.70,0.25,51%,49%,9,4,3,1,0,0,3,0,83%,84%,0,1,,,6,2,0,1,8,1,1,3,0,0,22,8,,,2,2,9,7,,,74%,70%,33%,14%,,,16,19,7,9,56%,50%,,,9,21,6,8,,,,,0,3,,,,,,,,
0.79,1.39,45%,55%,14,14,4,4,0,3,4,3,82%,85%,2,3,,,6,6,4,4,9,9,5,5,0,0,26,39,,,2,4,16,13,,,74%,73%,24%,41%,,,17,16,13,16,56%,61%,,,22,24,9,13,,,,,3,3,,,,,,,0,1
1.09,1.68,47%,53%,16,13,5,6,1,2,4,7,71%,72%,2,2,,,7,6,4,1,8,7,8,6,1,1,22,33,,,1,0,11,8,,,56%,61%,18%,39%,,,14,22,8,11,87%,56%,,,35,44,1,1,,,,,4,4,,,,,,,0,1
1.10,1.50,60%,40%,15,12,6,3,2,1,6,4,84%,74%,1,5,,,5,2,4,7,8,6,7,6,2,0,22,15,,,5,2,16,6,,,77%,64%,20%,19%,,,26,12,6,16,44%,65%,,,17,30,8,12,,,,,1,5,,,,,,,1,0
2.70,1.61,57%,43%,15,10,6,4,6,2,2,3,86%,83%,3,2,,,6,3,3,3,9,7,6,3,1,0,25,24,,,5,2,8,6,,,69%,64%,40%,0%,,,20,28,6,8,69%,58%,,,15,11,5,4,,,,,3,3,,,,,,,,
1.78,0.89,50%,50%,17,18,11,4,4,1,3,9,81%,75%,2,3,,,3,9,3,5,11,11,5,7,0,1,33,34,,,2,2,12,9,,,83%,64%,12%,26%,,,10,20,9,12,64%,58%,,,38,25,9,5,,,,,4,6,,,,,,,1,0
0.75,0.87,69%,31%,16,4,1,2,0,1,9,1,87%,75%,4,4,,,11,2,4,0,9,2,7,1,0,0,33,7,,,2,1,11,8,,,75%,51%,17%,0%,,,22,16,8,11,48%,58%,,,19,56,5,11,,,,,1,1,,,,,,,,
1.90,0.43,71%,29%,16,3,6,3,3,2,3,4,90%,78%,0,2,,,7,0,3,0,10,2,6,1,1,0,43,7,,,0,1,11,10,,,86%,57%,21%,33%,,,18,11,10,11,59%,55%,,,7,34,3,13,,,,,2,2,,,,,,,1,1
0.76,2.87,52%,48%,12,17,5,9,1,6,3,8,85%,83%,1,0,,,3,4,4,4,7,10,5,7,0,1,15,33,,,2,4,5,10,,,77%,76%,25%,9%,,,15,11,10,5,38%,58%,,,23,19,4,10,,,,,6,4,,,,,,,1,0
0.58,0.99,51%,49%,9,9,4,3,1,1,1,5,83%,83%,2,1,,,4,3,1,3,4,6,5,3,0,0,12,20,,,0,0,10,20,,,74%,76%,23%,17%,,,14,27,20,10,74%,48%,,,31,14,7,8,,,,,2,4,,,,,1,1,,
3.15,0.86,63%,37%,19,9,7,4,4,1,3,6,89%,78%,4,2,,,6,2,6,3,15,6,4,3,0,0,54,18,,,5,2,14,8,,,75%,68%,23%,17%,,,19,17,8,14,89%,55%,,,19,33,6,11,,,,,3,4,,,,,,,1,0
0.65,2.84,32%,68%,8,17,4,9,1,5,4,7,87%,92%,0,1,,,1,3,3,5,5,14,3,3,0,0,14,40,,,1,1,7,4,,,80%,84%,25%,0%,,,8,11,4,7,69%,57%,,,21,12,8,7,,,,,3,4,,,,,,,0,1
2.03,1.11,36%,64%,13,11,7,6,5,2,3,8,82%,86%,2,1,,,4,2,2,3,9,7,3,4,1,0,27,23,,,2,1,14,14,,,75%,76%,26%,11%,,,16,25,14,14,75%,74%,,,33,20,9,4,,,,,4,4,,,,,,,,
1.41,1.98,51%,49%,10,6,1,3,1,4,4,2,82%,82%,3,3,,,3,1,6,2,9,4,1,2,0,0,28,26,,,3,3,12,13,,,72%,63%,30%,11%,,,19,19,13,12,61%,52%,,,12,17,10,6,,,,,0,0,,,,,,,,
1.90,0.88,45%,55%,14,10,5,4,4,2,2,8,82%,87%,0,4,,,7,2,2,4,9,8,5,2,0,0,28,23,,,3,0,18,4,,,78%,81%,32%,42%,,,16,12,4,18,63%,90%,,,20,32,9,6,,,,,2,2,,,,,,,1,1
1.55,1.06,65%,35%,18,8,6,4,2,2,10,1,88%,73%,2,3,,,7,3,5,1,11,5,6,3,1,1,35,13,,,3,2,18,10,,,78%,51%,29%,20%,,,12,10,10,18,58%,44%,,,8,41,11,3,,,,,2,4,,,,,,,0,1
0.72,3.40,39%,61%,11,37,6,8,1,4,2,15,80%,88%,2,3,,,4,14,1,15,9,28,2,9,0,1,24,61,,,6,0,14,6,,,58%,84%,11%,31%,,,11,10,6,14,50%,50%,,,36,19,9,4,,,,,6,6,,,,,,,,
0.47,2.08,38%,62%,8,17,4,2,1,4,5,2,76%,86%,3,1,,,3,9,1,6,7,14,1,3,0,1,29,33,,,2,2,8,8,,,61%,81%,24%,46%,,,18,19,8,8,70%,62%,,,19,27,9,7,,,,,0,4,,,,,,,0,1
0.30,1.31,53%,47%,7,12,0,7,0,2,2,4,82%,81%,3,0,,,4,4,3,1,4,6,3,6,0,0,14,17,,,1,0,10,13,,,68%,66%,21%,6%,,,10,20,13,10,50%,53%,,,24,17,12,16,,,,,5,0,,,,,1,0,,
1.04,2.41,55%,45%,13,19,5,10,1,4,7,6,79%,76%,1,6,,,3,6,5,3,7,16,6,3,0,1,33,36,,,1,0,18,7,,,75%,68%,11%,29%,,,29,15,7,18,47%,71%,,,32,35,2,14,,,,,6,4,,,,,,,1,0
3.20,1.52,59%,41%,23,13,9,5,5,1,4,4,84%,80%,1,3,,,2,3,12,5,17,7,6,6,0,0,48,18,,,2,0,10,7,,,78%,64%,23%,25%,,,19,11,7,10,67%,70%,,,22,29,12,7,,,,,4,6,,,,,,,,
0.29,0.97,47%,53%,5,11,3,5,0,0,1,9,82%,85%,2,2,,,2,0,0,6,3,10,2,1,0,0,8,25,,,1,1,14,13,,,64%,65%,29%,35%,,,13,10,13,14,57%,93%,,,25,12,9,8,,,,,3,3,,,,,,,,
1.42,0.83,53%,47%,14,10,4,2,4,1,10,4,84%,84%,3,1,,,4,4,6,4,11,8,3,2,0,1,47,20,,,3,1,9,16,,,76%,73%,25%,24%,,,12,19,16,9,57%,58%,,,13,30,10,5,,,,,1,3,,,,,,,,
1.09,1.36,50%,50%,10,11,3,3,2,3,8,5,81%,83%,2,1,,,6,4,1,4,7,6,3,5,0,0,14,20,,,5,1,10,17,,,61%,60%,20%,0%,,,20,16,17,10,53%,73%,,,24,35,9,9,,,,,2,3,,,,,,,,
1.52,1.81,57%,43%,21,9,4,4,3,4,4,3,85%,78%,,,,,11,3,6,2,13,8,8,1,1,0,28,20,,,1,3,6,7,,,74%,62%,27%,25%,,,22,8,7,6,63%,67%,,,15,24,9,10,,,,,2,4,,,,,,,,
1.93,1.45,60%,40%,18,13,6,7,3,3,4,2,87%,77%,0,2,,,5,4,7,2,11,8,6,5,1,2,32,23,,,3,1,13,10,,,75%,78%,29%,60%,,,15,19,10,13,79%,28%,,,16,12,11,9,,,,,7,3,,,,,,,,
0.39,1.95,29%,71%,6,23,3,7,1,4,0,9,68%,85%,2,1,,,1,10,2,6,2,14,4,9,0,1,17,52,,,2,1,10,7,,,60%,78%,0%,21%,,,21,17,7,10,65%,40%,,,59,28,9,3,,,,,6,2,,,,,,,0,1
2.47,2.10,44%,56%,18,21,6,8,3,5,4,5,81%,87%,,,,,9,11,3,2,16,15,2,6,0,1,41,45,,,4,0,4,4,,,71%,88%,21%,35%,,,14,15,4,4,60%,42%,,,21,30,10,8,,,,,6,4,,,,,,,1,0
2.45,1.23,57%,43%,26,7,10,3,3,1,9,3,83%,79%,2,3,,,7,3,9,1,17,6,9,1,1,1,37,21,,,2,1,16,15,,,73%,63%,35%,9%,,,22,19,15,16,64%,56%,,,8,27,4,8,,,,,1,8,,,,,,,,
1.12,1.70,44%,56%,4,21,3,5,2,3,0,3,83%,85%,3,3,,,1,11,0,5,3,12,1,9,0,2,6,28,,,5,0,18,9,,,51%,76%,0%,25%,,,8,25,9,18,57%,54%,,,28,11,7,11,,,,,3,0,,,,,,,,
1.57,2.20,60%,40%,13,11,6,3,2,4,5,3,85%,80%,1,2,,,2,6,5,2,10,8,3,3,0,0,34,23,,,1,4,8,10,,,73%,65%,28%,20%,,,18,15,10,8,54%,72%,,,25,37,10,10,,,,,0,6,,,,,,,,
2.87,0.99,52%,48%,19,13,6,4,4,3,5,9,84%,75%,2,4,,,8,1,5,8,15,11,4,2,0,0,33,31,,,0,4,13,10,,,78%,65%,18%,24%,,,19,16,10,13,33%,40%,,,28,26,16,13,,,,,2,4,,,,,,,,
1.34,1.47,73%,27%,15,7,4,3,4,1,9,2,88%,75%,1,5,,,4,3,7,1,10,5,5,2,0,2,30,14,,,0,1,14,10,,,82%,59%,12%,29%,,,29,11,10,14,53%,55%,,,13,47,2,15,,,,,1,2,,,,,,,,
1.56,0.84,45%,55%,11,9,4,3,3,5,2,5,87%,88%,2,3,,,4,4,3,2,6,6,5,3,0,1,17,24,,,0,3,14,17,,,70%,78%,20%,20%,,,9,10,17,14,91%,50%,,,22,9,8,5,,,,,2,3,,,,,,,,
1.40,0.36,61%,39%,13,4,5,2,3,2,6,2,89%,85%,0,1,,,3,2,5,0,8,3,5,1,1,0,25,9,,,1,1,11,10,,,77%,61%,18%,10%,,,18,17,10,11,58%,55%,,,15,16,8,10,,,,,1,3,,,,,,,,
1.69,0.67,59%,41%,19,9,8,0,5,1,9,3,77%,67%,2,2,,,7,9,4,0,12,5,7,4,0,0,34,16,,,1,0,14,15,,,70%,61%,19%,8%,,,23,29,15,14,80%,50%,,,33,31,10,14,,,,,0,7,,,,,,,,
1.01,1.30,38%,62%,13,15,6,1,2,1,6,6,76%,86%,0,2,,,2,10,5,4,10,12,3,3,0,0,20,36,,,2,0,12,9,,,54%,73%,26%,23%,,,15,18,9,12,62%,42%,,,21,13,7,7,,,,,0,5,,,,,,,,
2.03,1.19,56%,44%,10,17,7,4,3,3,7,1,90%,86%,2,1,,,0,10,3,3,7,14,3,3,0,0,28,23,,,1,2,13,8,,,82%,75%,8%,58%,,,13,16,8,13,64%,69%,,,18,17,6,6,,,,,3,3,,,,,,,1,0
0.29,4.23,50%,50%,8,20,1,11,0,11,2,2,85%,86%,2,0,,,5,7,2,2,3,17,5,3,0,1,18,33,,,1,2,4,10,,,84%,79%,8%,20%,,,7,10,10,4,53%,53%,,,21,15,3,6,,,,,6,1,,,,,,,,
0.85,1.08,57%,43%,13,14,4,4,1,4,9,10,81%,79%,1,4,,,6,3,3,7,9,11,4,3,1,0,26,27,,,2,1,15,11,,,75%,73%,16%,27%,,,14,22,11,15,77%,59%,,,18,32,8,9,,,,,2,3,,,,,,,1,0
0.29,1.95,50%,50%,5,14,2,5,0,2,4,3,83%,83%,1,2,,,2,4,1,5,4,11,1,3,0,0,10,47,,,0,6,8,6,,,68%,80%,13%,30%,,,10,8,6,8,70%,50%,,,29,21,7,6,,,,,2,1,,,,,,,0,1
0.88,1.96,53%,47%,10,12,1,4,2,4,2,3,87%,85%,1,1,,,5,4,4,4,7,7,3,5,1,1,17,19,,,1,4,8,13,,,73%,80%,18%,33%,,,14,18,13,8,58%,68%,,,10,15,9,8,,,,,2,1,,,,,,,0,1
1.74,1.09,60%,40%,20,14,4,5,1,1,12,3,85%,81%,2,3,,,7,4,9,5,12,7,8,6,0,0,47,25,,,2,0,14,9,,,76%,59%,16%,25%,,,12,13,9,14,52%,55%,,,20,28,4,15,,,,,3,2,,,,,,,,
1.58,2.00,24%,76%,9,20,6,5,2,4,4,7,63%,90%,4,4,,,1,7,2,8,8,13,1,7,0,2,15,36,,,0,2,5,9,,,42%,84%,29%,11%,,,10,21,9,5,41%,45%,,,26,14,6,5,,,,,5,4,,,,,,,,
0.32,2.92,45%,55%,7,22,0,13,1,6,2,6,85%,88%,,,,,4,7,3,2,5,17,2,5,2,0,18,43,,,4,0,10,7,,,70%,81%,22%,27%,,,10,13,7,10,76%,65%,,,23,14,10,4,,,,,8,0,,,,,,,,
1.82,1.30,47%,53%,19,7,10,3,4,1,8,7,77%,81%,2,3,,,3,3,6,1,12,7,7,0,0,0,25,16,,,2,1,19,18,,,66%,66%,13%,18%,,,15,9,18,19,74%,50%,,,32,34,10,12,,,,,2,8,,,,,,,1,0
0.64,1.42,63%,37%,13,11,2,7,0,5,5,4,80%,68%,4,1,,,9,4,2,0,9,7,4,4,0,0,28,13,,,1,2,10,13,,,74%,60%,24%,13%,,,37,12,13,10,75%,72%,,,16,41,5,10,,,,,5,2,,,,,,,,
1.01,1.86,52%,48%,11,16,6,9,1,3,1,7,79%,79%,1,3,,,3,6,2,1,8,12,3,4,0,0,21,31,,,0,0,16,7,,,68%,66%,40%,24%,,,22,29,7,16,58%,73%,,,31,24,12,7,,,,,7,4,,,,,,,2,0
2.25,0.72,48%,52%,13,11,3,3,5,1,5,5,77%,80%,1,2,,,7,4,3,4,10,4,3,7,1,0,31,20,,,3,3,10,9,,,69%,69%,29%,27%,,,21,24,9,10,72%,60%,,,19,15,5,3,,,,,1,1,,,,,,,1,0
1.33,1.40,53%,47%,11,14,4,5,3,2,4,4,93%,91%,2,1,,,5,6,2,3,10,8,1,6,2,0,26,25,,,3,2,6,11,,,84%,84%,26%,45%,,,13,19,11,6,57%,60%,,,11,16,9,4,,,,,3,4,,,,,,,0,1
1.94,0.16,68%,32%,13,3,5,0,3,0,5,1,90%,81%,1,1,,,3,0,5,3,9,0,4,3,0,0,40,5,,,1,2,12,7,,,83%,79%,28%,13%,,,16,10,7,12,55%,56%,,,14,29,6,14,,,,,0,4,,,,,,,,
1.26,0.96,58%,42%,24,8,7,3,1,1,5,3,81%,73%,0,2,,,12,2,5,3,15,7,9,1,1,0,43,17,,,0,5,12,6,,,73%,66%,21%,22%,,,14,17,6,12,76%,67%,,,14,32,9,10,,,,,3,7,,,,,,,,
1.83,0.35,68%,32%,19,4,7,1,1,0,14,1,91%,76%,3,2,,,6,2,6,1,14,2,5,2,2,0,59,4,,,2,2,5,17,,,83%,48%,23%,67%,,,15,13,17,5,50%,36%,,,10,52,7,11,,,,,0,4,,,,,,,,
0.87,0.35,51%,49%,7,11,4,4,1,0,4,4,83%,80%,2,4,,,1,3,2,4,3,5,4,6,0,0,14,19,,,3,1,12,12,,,73%,73%,13%,35%,,,18,19,12,12,73%,72%,,,21,22,14,12,,,,,4,2,,,,,0,1,,
1.19,0.53,52%,48%,18,10,4,4,0,0,5,2,81%,78%,2,2,,,10,2,4,4,15,6,3,4,0,0,34,17,,,1,1,12,13,,,73%,67%,15%,45%,,,22,19,13,12,73%,56%,,,22,24,8,9,,,,,4,4,,,,,,,,
0.82,1.32,47%,53%,12,14,8,7,3,3,3,1,83%,85%,1,3,,,1,7,3,0,7,10,5,4,1,0,20,26,,,3,1,13,13,,,64%,69%,13%,35%,,,12,10,13,13,62%,67%,,,16,20,4,10,,,,,5,7,,,,,,,0,1
2.62,0.34,63%,37%,22,4,8,1,3,0,9,6,91%,78%,2,1,,,7,2,7,1,16,2,6,2,1,0,49,9,,,5,3,10,15,,,84%,65%,22%,5%,,,7,11,15,10,82%,40%,,,19,18,7,5,,,,,1,5,,,,,0,1,,
1.21,1.28,29%,71%,10,13,3,4,1,1,2,7,72%,88%,3,4,,,5,4,2,5,7,7,3,6,0,0,17,31,,,4,1,13,12,,,66%,80%,29%,11%,,,12,18,12,13,59%,30%,,,29,4,9,5,,,,,4,2,,,,,0,1,,
1.13,1.45,55%,45%,18,16,5,2,4,2,2,2,84%,79%,1,2,,,9,8,4,6,16,11,2,5,0,1,31,24,,,0,0,8,15,,,75%,62%,39%,30%,,,17,13,15,8,40%,84%,,,13,23,11,5,,,,,1,5,,,,,,,,
2.02,0.62,66%,34%,24,8,5,3,4,1,8,5,90%,81%,1,4,,,9,3,10,2,16,5,8,3,1,0,49,15,,,2,2,10,5,,,83%,56%,48%,40%,,,15,11,5,10,53%,75%,,,11,35,2,6,,,,,2,4,,,,,,,,
1.25,4.60,52%,48%,9,24,5,12,2,9,7,5,85%,86%,1,2,,,3,8,1,4,6,18,3,6,0,1,26,50,,,4,4,9,7,,,68%,74%,19%,53%,,,18,10,7,9,63%,62%,,,21,21,8,16,,,,,6,2,,,,,,,0,2
0.39,0.77,25%,75%,5,12,4,5,2,3,2,5,73%,90%,4,1,,,0,3,1,4,2,6,3,6,0,1,7,24,,,2,1,12,20,,,55%,77%,11%,18%,,,7,20,20,12,48%,65%,,,21,13,10,2,,,,,5,4,,,,,,,,
1.04,0.26,57%,43%,16,5,5,1,2,0,6,5,87%,80%,1,3,,,6,1,5,3,9,3,7,2,0,0,35,14,,,1,2,15,8,,,79%,51%,26%,31%,,,26,14,8,15,60%,60%,,,12,35,8,14,,,,,1,5,,,,,,,,
0.81,1.06,53%,47%,9,8,5,4,1,2,6,1,87%,82%,2,0,,,2,3,2,1,7,6,2,2,0,1,17,11,,,1,1,16,15,,,68%,62%,17%,38%,,,20,8,15,16,44%,60%,,,8,21,9,7,,,,,1,5,,,,,,,,
2.26,1.24,60%,40%,23,10,7,5,4,2,13,1,81%,76%,1,3,,,10,3,6,2,13,6,10,4,0,0,45,15,,,0,2,11,11,,,77%,63%,38%,22%,,,19,17,11,11,65%,67%,,,10,31,4,11,,,,,2,7,,,,,,,0,1
1.72,2.88,41%,59%,15,14,6,6,3,5,3,3,81%,87%,2,2,,,6,3,3,5,10,13,5,1,0,2,18,33,,,1,0,8,9,,,67%,68%,43%,53%,,,14,21,9,8,42%,69%,,,25,15,3,10,,,,,1,5,,,,,,,,
0.80,0.84,64%,36%,7,10,3,6,1,1,9,5,85%,78%,3,4,,,2,3,2,1,7,7,0,3,0,0,35,17,,,1,3,14,9,,,71%,78%,13%,7%,,,14,16,9,14,71%,50%,,,18,49,13,17,,,,,4,3,,,,,,,,
0.70,2.31,41%,59%,10,15,2,7,1,5,2,1,82%,87%,2,0,,,4,7,4,1,8,13,2,2,0,1,20,35,,,3,0,7,9,,,67%,65%,25%,50%,,,10,19,9,7,60%,64%,,,14,15,3,6,,,,,3,2,,,,,,,,
1.60,0.91,46%,54%,11,12,4,6,2,4,8,4,75%,85%,2,2,,,3,2,4,4,8,10,3,2,0,1,27,53,,,5,1,20,14,,,45%,76%,21%,18%,,,21,13,14,20,58%,53%,,,30,25,6,7,,,,,5,3,,,,,,,1,0
1.41,1.03,45%,55%,11,12,6,6,4,2,5,4,86%,92%,3,3,,,3,5,2,1,10,7,1,5,2,0,17,22,,,3,0,7,14,,,62%,85%,33%,14%,,,13,10,14,7,59%,67%,,,17,15,3,5,,,,,5,4,,,,,,,,
1.90,2.18,51%,49%,29,16,9,3,2,1,12,6,77%,73%,0,2,,,6,6,14,7,16,13,13,3,1,1,40,21,,,1,1,11,6,,,68%,53%,27%,35%,,,20,12,6,11,57%,45%,,,25,30,10,8,,,,,2,8,,,,,,,,
2.13,1.61,62%,38%,26,9,8,4,3,4,8,5,85%,76%,2,2,,,10,3,8,2,20,7,6,2,0,1,51,17,,,2,3,7,11,,,85%,57%,29%,21%,,,20,11,11,7,53%,71%,,,19,37,8,6,,,,,3,6,,,,,1,0,1,0
0.68,2.62,41%,59%,9,18,3,9,3,6,2,5,87%,91%,1,3,,,4,5,2,4,5,15,4,3,0,1,15,28,,,2,0,15,8,,,64%,79%,38%,15%,,,13,11,8,15,67%,57%,,,15,9,11,15,,,,,4,3,,,,,,,,
0.91,1.99,51%,49%,10,10,3,3,0,3,8,2,87%,89%,1,1,,,4,4,3,3,5,7,5,3,0,0,18,22,,,0,6,14,5,,,79%,84%,10%,40%,,,19,11,5,14,71%,46%,,,10,18,10,17,,,,,1,2,,,,,,,1,0
0.81,2.40,64%,36%,17,13,5,5,2,5,8,5,88%,74%,1,4,,,4,5,8,3,9,11,8,2,0,0,33,22,,,1,1,15,11,,,76%,60%,26%,33%,,,13,17,11,15,77%,64%,,,11,29,8,8,,,,,2,4,,,,,,,0,1
1.65,0.44,50%,50%,17,8,6,2,3,0,4,3,91%,88%,0,1,,,6,4,5,2,12,7,5,1,0,0,27,31,,,2,2,5,12,,,90%,72%,24%,31%,,,5,11,12,5,74%,45%,,,24,21,8,6,,,,,1,4,,,,,,,1,1
1.42,0.17,76%,24%,13,2,5,0,1,0,8,2,92%,72%,0,3,,,3,0,5,2,11,1,2,1,0,0,48,8,,,5,3,9,6,,,85%,47%,25%,13%,,,23,17,6,9,56%,66%,,,7,39,1,9,,,,,0,5,,,,,,,,
2.26,1.08,60%,40%,16,12,4,3,3,1,5,4,88%,82%,3,4,,,7,5,5,4,16,7,0,5,0,0,34,17,,,2,2,7,10,,,79%,63%,19%,29%,,,18,11,10,7,60%,53%,,,5,29,8,8,,,,,1,2,,,,,1,0,1,0
3.78,0.23,59%,41%,27,4,11,1,5,0,5,2,87%,77%,3,3,,,9,0,7,3,20,2,7,2,0,0,53,9,,,1,2,16,7,,,80%,63%,33%,10%,,,18,20,7,16,71%,35%,,,13,26,6,9,,,,,1,7,,,,,,,2,0
1.02,1.26,54%,46%,16,10,6,5,1,2,7,3,83%,82%,2,3,,,5,2,5,3,11,7,5,3,0,0,26,31,,,2,4,9,13,,,67%,63%,25%,19%,,,20,11,13,9,67%,33%,,,18,31,6,11,,,,,3,5,,,,,1,0,0,1
1.01,1.63,54%,46%,19,19,4,5,1,2,11,0,80%,77%,5,4,,,6,7,9,7,15,12,4,7,0,0,39,24,,,4,1,17,12,,,71%,60%,41%,38%,,,16,16,12,17,54%,45%,,,19,21,7,5,,,,,4,2,,,,,,,1,0
2.64,2.81,38%,62%,13,17,5,8,6,2,5,10,83%,86%,2,3,,,5,4,3,5,11,12,2,5,1,0,26,46,,,3,2,11,17,,,69%,78%,36%,25%,,,16,18,17,11,74%,72%,,,20,7,4,12,,,,,4,2,,,,,,,,
0.14,1.93,33%,67%,2,12,2,4,0,4,0,6,72%,89%,4,2,,,0,8,0,0,2,10,0,2,0,0,3,34,,,0,3,9,10,,,58%,77%,0%,25%,,,9,23,10,9,59%,71%,,,24,10,10,6,,,,,3,1,,,,,,,,
1.33,2.99,43%,57%,18,22,5,6,1,6,6,13,73%,80%,2,1,,,6,9,7,7,11,14,7,8,0,1,29,39,,,0,0,13,9,,,61%,75%,33%,13%,,,23,18,9,13,73%,70%,,,30,25,4,11,,,,,4,4,,,,,,,0,1
1.27,1.52,54%,46%,10,16,3,7,3,0,4,5,84%,86%,1,2,,,2,6,5,3,7,8,3,8,0,0,16,23,,,1,0,10,9,,,68%,67%,25%,44%,,,25,10,9,10,43%,71%,,,9,22,5,7,,,,,5,1,,,,,,,,
1.55,0.69,71%,29%,17,11,7,3,3,0,5,3,88%,65%,0,2,,,5,4,5,4,10,7,7,4,1,1,31,15,,,0,1,13,10,,,80%,62%,13%,57%,,,17,11,10,13,77%,56%,,,5,30,9,8,,,,,0,5,,,,,,,0,2
2.35,0.44,47%,53%,18,4,5,0,3,0,14,1,86%,90%,1,3,,,5,0,8,4,13,4,5,0,0,0,41,22,,,0,4,15,18,,,75%,82%,24%,15%,,,10,14,18,15,62%,36%,,,9,17,6,8,,,,,0,4,,,,,,,,
1.07,1.20,44%,56%,11,16,8,3,3,3,3,4,80%,86%,3,0,,,2,11,1,2,8,10,3,6,0,1,25,40,,,3,2,7,10,,,67%,82%,7%,17%,,,12,24,10,7,63%,42%,,,29,25,3,3,,,,,1,4,,,,,,,0,1
1.30,1.41,31%,69%,12,12,3,4,1,3,6,8,77%,88%,1,2,,,1,4,8,4,6,9,6,3,0,1,15,32,,,3,2,10,4,,,59%,81%,23%,29%,,,13,17,4,10,53%,38%,,,24,16,5,5,,,,,2,1,,,,,0,1,1,1
3.31,0.58,34%,66%,21,12,8,4,5,0,5,9,70%,82%,2,2,,,8,5,5,3,17,7,4,5,1,0,28,25,,,3,3,8,15,,,67%,74%,38%,14%,,,22,31,15,8,44%,65%,,,28,15,17,8,,,,,4,7,,,,,,,1,0
0.66,1.34,44%,56%,6,13,2,3,1,1,5,6,81%,88%,2,2,,,3,5,1,5,6,8,0,5,0,0,19,20,,,0,1,8,7,,,70%,73%,19%,19%,,,18,24,7,8,44%,45%,,,31,22,8,12,,,,,2,0,,,,,,,,
2.33,0.31,50%,50%,14,5,6,2,5,0,13,0,87%,86%,1,3,,,3,3,5,0,13,3,1,2,0,0,35,6,,,2,2,8,12,,,72%,74%,32%,17%,,,16,11,12,8,67%,53%,,,7,24,4,12,,,,,2,4,,,,,,,1,0
2.25,0.96,49%,51%,20,9,10,1,4,1,10,5,86%,86%,2,2,,,6,4,4,4,16,7,4,2,0,0,41,21,,,0,1,15,11,,,80%,75%,25%,14%,,,13,15,11,15,87%,53%,,,22,20,7,8,,,,,0,7,,,,,,,,
1.02,0.79,45%,55%,15,6,6,2,2,2,3,4,80%,79%,2,0,,,5,2,4,2,8,2,5,4,0,0,16,15,,,4,0,8,10,,,68%,60%,10%,0%,,,21,30,10,8,50%,67%,,,28,12,14,7,,,,,2,2,,,,,,,1,0
2.41,0.88,66%,34%,17,12,7,3,6,1,8,2,89%,79%,2,4,,,7,7,3,2,12,8,5,4,0,0,42,15,,,1,2,15,7,,,82%,73%,40%,23%,,,16,14,7,15,73%,63%,,,15,15,4,11,,,,,3,4,,,,,,,,
1.72,1.44,41%,59%,17,16,6,5,2,4,5,6,80%,87%,2,5,,,7,5,4,6,9,14,8,2,1,2,21,35,,,4,0,17,9,,,67%,82%,13%,20%,,,20,15,9,17,71%,58%,,,16,22,6,8,,,,,2,3,,,,,,,,
1.47,5.29,45%,55%,6,26,4,13,4,10,5,7,89%,92%,1,0,,,0,7,2,6,6,22,0,4,0,3,20,48,,,3,1,14,7,,,81%,87%,13%,25%,,,12,8,7,14,91%,67%,,,25,9,4,9,,,,,8,3,,,,,1,0,0,1
1.35,3.09,39%,61%,8,31,6,10,7,3,3,9,75%,86%,2,2,,,2,10,0,11,8,24,0,7,0,1,20,55,,,1,2,7,9,,,58%,80%,18%,37%,,,13,27,9,7,61%,57%,,,30,10,10,5,,,,,9,3,,,,,,,0,1
0.49,1.53,54%,46%,9,13,2,3,1,3,4,7,83%,80%,2,4,,,4,4,3,6,5,9,4,4,1,0,12,23,,,1,1,13,14,,,71%,60%,24%,17%,,,13,13,14,13,61%,60%,,,26,22,9,4,,,,,2,2,,,,,,,,
3.57,0.84,44%,56%,18,8,7,2,5,1,7,4,84%,88%,1,3,,,7,3,4,3,11,7,7,1,2,0,30,30,,,4,3,8,9,,,73%,78%,29%,0%,,,21,13,9,8,59%,82%,,,13,21,6,5,,,,,2,5,,,,,,,,
1.61,1.15,64%,36%,17,10,8,4,2,1,3,4,90%,84%,2,2,,,6,3,3,3,12,8,5,2,0,0,26,19,,,3,1,6,21,,,77%,57%,17%,43%,,,9,8,21,6,59%,47%,,,5,12,3,9,,,,,4,5,,,,,,,,
0.73,0.65,60%,40%,11,8,5,2,3,1,2,2,90%,87%,2,3,,,2,3,4,3,9,4,2,4,0,0,21,13,,,3,2,12,12,,,80%,62%,17%,15%,,,10,11,12,12,69%,53%,,,13,8,8,5,,,,,2,1,,,,,,,,
0.65,1.16,50%,50%,8,14,3,6,2,3,7,11,86%,85%,0,1,,,3,4,2,4,4,12,4,2,1,1,16,36,,,1,1,14,4,,,75%,76%,13%,29%,,,19,15,4,14,56%,63%,,,23,23,9,12,,,,,5,2,,,,,0,1,,
1.46,3.00,39%,61%,12,16,5,7,2,5,2,10,78%,83%,4,1,,,3,5,4,4,8,13,4,3,1,0,17,32,,,1,1,13,10,,,68%,75%,11%,32%,,,11,23,10,13,73%,35%,,,19,13,8,5,,,,,2,3,,,,,,,0,1
2.34,1.04,60%,40%,13,7,6,3,4,1,5,4,85%,76%,1,1,,,3,1,4,3,10,3,3,4,0,0,30,14,,,1,1,10,9,,,79%,63%,10%,12%,,,27,17,9,10,40%,60%,,,26,26,10,11,,,,,2,2,,,,,,,,
1.29,0.02,49%,51%,16,2,4,1,5,0,8,9,79%,81%,3,3,,,7,0,5,1,12,1,4,0,0,0,27,10,,,2,2,11,12,,,69%,66%,32%,9%,,,22,22,12,11,68%,82%,,,24,25,13,8,,,,,0,3,,,,,,,1,0
1.63,0.63,45%,55%,12,7,5,3,2,0,8,7,76%,79%,1,3,,,5,2,2,2,8,5,4,2,1,0,25,19,,,3,1,16,5,,,66%,73%,35%,18%,,,19,26,5,16,60%,63%,,,22,19,7,4,,,,,3,4,,,,,,,,
0.45,3.19,60%,40%,10,12,3,8,2,4,3,4,85%,77%,5,1,,,5,2,2,2,5,10,5,2,0,0,20,21,,,2,1,11,13,,,76%,61%,19%,13%,,,24,13,13,11,64%,54%,,,20,19,6,7,,,,,4,1,,,,,,,1,0
1.45,1.02,52%,48%,22,10,5,2,3,1,7,6,90%,87%,2,4,,,10,2,7,6,15,8,7,2,1,1,45,21,,,3,1,16,20,,,79%,68%,34%,17%,,,13,7,20,16,54%,59%,,,16,31,3,2,,,,,1,4,,,,,,,1,0
1.69,0.91,52%,48%,18,15,2,6,2,0,8,3,85%,82%,1,0,,,10,3,6,6,14,7,4,8,0,0,36,17,,,2,0,8,11,,,74%,71%,29%,17%,,,22,16,11,8,62%,74%,,,23,32,6,11,,,,,4,2,,,,,,,0,1
1.75,0.90,40%,60%,11,11,6,4,3,2,4,3,83%,87%,,,,,3,5,2,2,5,8,6,3,0,0,11,16,,,0,1,10,12,,,72%,71%,25%,14%,,,17,21,12,10,44%,57%,,,13,16,4,10,,,,,3,5,,,,,,,,
1.28,2.91,38%,62%,7,27,5,11,3,4,3,10,84%,89%,3,4,,,2,7,0,9,5,18,2,9,0,1,18,51,,,0,1,9,11,,,74%,81%,38%,30%,,,13,18,11,9,56%,75%,,,34,4,4,7,,,,,8,3,,,,,,,,
2.15,2.51,58%,42%,23,9,5,7,3,5,9,3,93%,83%,4,2,,,11,2,7,0,17,7,6,2,1,1,42,17,,,2,3,9,19,,,89%,73%,20%,30%,,,16,9,19,9,54%,83%,,,13,26,9,5,,,,,3,5,,,,,,,,
1.40,0.40,66%,34%,19,7,7,0,1,0,8,1,91%,81%,3,2,,,7,5,5,2,14,5,5,2,0,0,47,13,,,4,2,11,10,,,81%,65%,18%,41%,,,15,11,10,11,88%,63%,,,14,24,4,11,,,,,0,4,,,,,,,,
3.18,1.27,70%,30%,17,13,5,6,4,3,10,1,87%,69%,3,2,,,6,6,6,1,15,10,2,3,1,1,46,17,,,1,2,11,10,,,76%,57%,30%,13%,,,16,15,10,11,56%,73%,,,12,25,6,9,,,,,4,3,,,,,,,1,0
1.42,0.94,55%,45%,20,6,6,4,4,2,7,0,87%,80%,2,4,,,11,1,3,1,14,5,5,1,1,0,38,14,,,5,1,10,12,,,77%,58%,17%,100%,,,15,18,12,10,55%,68%,,,7,30,10,8,,,,,2,5,,,,,0,1,,
1.15,1.08,59%,41%,27,9,5,2,1,2,10,4,87%,79%,,,,,12,4,10,3,16,5,11,4,0,0,40,15,,,3,3,10,8,,,81%,52%,30%,20%,,,15,12,8,10,38%,67%,,,23,31,2,3,,,,,2,5,,,,,0,1,,
1.01,1.26,59%,41%,10,11,3,6,1,2,7,2,85%,83%,3,0,,,4,2,3,3,6,7,4,3,2,0,23,22,,,2,1,14,14,,,78%,64%,29%,0%,,,21,25,14,14,61%,56%,,,11,35,9,7,,,,,2,2,,,,,,,,
1.11,2.64,36%,64%,5,16,2,7,1,4,2,9,75%,87%,4,3,,,2,6,1,3,4,11,0,5,0,0,10,38,,,3,1,12,15,,,57%,76%,17%,25%,,,19,17,15,12,50%,61%,,,19,10,8,9,,,,,5,1,,,,,,,0,1
1.28,0.99,49%,51%,17,13,3,3,,,4,3,85%,88%,4,2,,,6,4,8,6,,,,,,,,,,,1,7,12,12,,,,,,,,,9,18,12,12,,,,,,,7,7,,,,,2,2,,,,,,,,
0.75,0.77,51%,49%,13,6,3,5,,,1,5,85%,83%,0,1,,,4,1,6,0,,,,,,,,,,,1,2,5,9,,,,,,,,,20,26,9,5,,,,,,,8,8,,,,,5,0,,,,,,,,
0.58,1.56,43%,57%,9,17,3,6,,,4,5,78%,86%,1,1,,,3,7,3,4,,,,,,,,,,,3,0,6,13,,,,,,,,,17,20,13,6,,,,,,,7,13,,,,,3,2,,,,,,,,
1.82,1.74,66%,34%,17,8,5,3,,,12,2,84%,68%,1,5,,,9,2,3,3,,,,,,,,,,,0,0,19,10,,,,,,,,,22,13,10,19,,,,,,,13,8,,,,,1,4,,,,,,,,
2.02,1.50,63%,37%,14,12,5,2,,,2,9,88%,82%,0,3,,,6,8,3,2,,,,,,,,,,,1,1,15,11,,,,,,,,,13,9,11,15,,,,,,,8,6,,,,,2,3,,,,,,,,
2.26,2.16,39%,61%,10,15,4,6,,,0,4,87%,90%,3,3,,,4,6,2,3,,,,,,,,,,,3,1,10,12,,,,,,,,,12,18,12,10,,,,,,,11,4,,,,,5,2,,,,,,,,
1.54,2.60,52%,48%,12,15,6,3,,,6,4,76%,75%,2,4,,,2,3,4,9,,,,,,,,,,,0,1,16,8,,,,,,,,,19,21,8,16,,,,,,,5,6,,,,,1,3,,,,,,,,
1.75,1.84,35%,65%,13,17,5,7,,,1,8,77%,85%,1,1,,,6,6,2,4,,,,,,,,,,,1,4,11,10,,,,,,,,,15,20,10,11,,,,,,,21,12,,,,,5,5,,,,,1,0,,
1.00,0.97,49%,51%,11,18,6,4,,,7,6,78%,76%,1,2,,,1,8,4,6,,,,,,,,,,,1,1,9,10,,,,,,,,,23,32,10,9,,,,,,,6,7,,,,,4,6,,,,,,,,
1.30,0.60,29%,71%,8,10,4,1,,,1,9,77%,90%,1,4,,,1,6,3,3,,,,,,,,,,,3,0,12,14,,,,,,,,,10,20,14,12,,,,,,,6,5,,,,,1,2,,,,,,,,
1.37,0.59,68%,32%,26,5,12,2,,,11,3,88%,70%,2,1,,,4,1,10,2,,,,,,,,,,,2,0,10,3,,,,,,,,,20,8,3,10,,,,,,,12,12,,,,,1,10,,,,,,,,
1.96,1.53,46%,54%,11,12,4,3,,,4,8,79%,82%,6,2,,,4,4,3,5,,,,,,,,,,,4,0,14,19,,,,,,,,,12,13,19,14,,,,,,,12,7,,,,,2,3,,,,,,,,
2.63,1.85,51%,49%,16,12,6,1,,,6,4,88%,82%,2,0,,,8,8,2,3,,,,,,,,,,,0,0,14,14,,,,,,,,,12,16,14,14,,,,,,,14,11,,,,,0,2,,,,,,,,
1.52,2.89,57%,43%,11,19,6,7,,,3,6,77%,74%,1,2,,,4,7,1,5,,,,,,,,,,,4,1,9,7,,,,,,,,,26,19,7,9,,,,,,,14,8,,,,,5,4,,,,,,,,
1.77,1.80,35%,65%,12,18,6,4,,,3,10,83%,90%,2,1,,,4,10,2,4,,,,,,,,,,,2,0,6,10,,,,,,,,,10,17,10,6,,,,,,,11,5,,,,,3,4,,,,,,,,
0.99,1.95,43%,57%,14,20,2,6,,,4,6,76%,79%,6,2,,,6,6,6,8,,,,,,,,,,,0,0,10,11,,,,,,,,,24,17,11,10,,,,,,,9,2,,,,,5,1,,,,,1,0,,
1.60,1.00,49%,51%,16,13,8,5,,,9,7,83%,86%,1,2,,,2,4,6,4,,,,,,,,,,,1,0,18,10,,,,,,,,,17,18,10,18,,,,,,,10,9,,,,,4,6,,,,,,,,
2.00,0.16,53%,47%,19,4,6,2,,,10,5,85%,79%,1,4,,,10,2,3,0,,,,,,,,,,,1,1,9,7,,,,,,,,,20,13,7,9,,,,,,,5,9,,,,,2,3,,,,,0,1,,
0.69,1.47,65%,35%,9,16,2,5,,,3,6,91%,80%,4,2,,,5,8,2,3,,,,,,,,,,,3,1,18,14,,,,,,,,,8,12,14,18,,,,,,,7,7,,,,,5,1,,,,,,,,
0.75,1.11,36%,64%,9,10,4,1,,,4,6,69%,86%,4,4,,,2,6,3,3,,,,,,,,,,,0,0,18,16,,,,,,,,,17,17,16,18,,,,,,,6,5,,,,,1,3,,,,,,,,
1.03,0.85,45%,55%,9,9,3,4,,,1,3,80%,83%,2,2,,,4,3,2,2,,,,,,,,,,,2,1,14,14,,,,,,,,,15,20,14,14,,,,,,,10,6,,,,,2,1,,,,,,,,
1.68,1.85,51%,49%,17,11,7,3,,,7,4,85%,80%,6,3,,,6,5,4,3,,,,,,,,,,,2,1,16,13,,,,,,,,,12,21,13,16,,,,,,,18,5,,,,,2,5,,,,,,,,
0.83,0.72,34%,66%,14,11,6,3,,,8,8,65%,81%,4,4,,,7,4,1,4,,,,,,,,,,,4,1,12,16,,,,,,,,,13,18,16,12,,,,,,,10,7,,,,,3,5,,,,,,,,
2.98,2.12,43%,57%,12,18,3,5,,,6,5,81%,84%,5,1,,,8,7,1,6,,,,,,,,,,,3,3,7,6,,,,,,,,,14,24,6,7,,,,,,,13,5,,,,,4,1,,,,,,,,
0.79,1.25,40%,60%,10,14,5,3,,,4,2,80%,86%,1,0,,,3,9,2,2,,,,,,,,,,,4,2,8,8,,,,,,,,,19,24,8,8,,,,,,,8,5,,,,,2,4,,,,,,,,
1.80,0.31,57%,43%,18,11,8,3,,,9,7,83%,83%,7,6,,,5,4,5,4,,,,,,,,,,,0,5,14,12,,,,,,,,,14,7,12,14,,,,,,,10,11,,,,,2,7,,,,,,,,
3.94,1.36,65%,35%,20,11,9,5,,,4,5,84%,72%,0,3,,,5,6,6,0,,,,,,,,,,,2,1,10,7,,,,,,,,,25,11,7,10,,,,,,,3,10,,,,,2,5,,,,,0,1,,
1.11,1.15,51%,49%,19,14,6,7,,,9,6,86%,82%,3,3,,,5,2,8,5,,,,,,,,,,,2,1,10,11,,,,,,,,,14,15,11,10,,,,,,,9,9,,,,,5,4,,,,,,,,
2.73,0.21,58%,42%,22,5,8,2,,,12,1,93%,90%,1,3,,,7,2,7,1,,,,,,,,,,,1,2,9,9,,,,,,,,,12,11,9,9,,,,,,,9,7,,,,,2,7,,,,,,,,
0.60,1.77,64%,36%,11,20,1,5,,,6,7,86%,77%,5,3,,,7,9,3,6,,,,,,,,,,,0,1,9,16,,,,,,,,,23,10,16,9,,,,,,,4,10,,,,,2,0,,,,,,,,
1.62,1.12,50%,50%,20,20,6,7,,,6,6,82%,80%,2,3,,,5,7,9,6,,,,,,,,,,,2,2,12,9,,,,,,,,,21,15,9,12,,,,,,,14,5,,,,,7,5,,,,,,,,
1.63,0.93,43%,57%,8,12,5,2,,,1,5,79%,87%,4,3,,,2,6,1,4,,,,,,,,,,,5,0,13,12,,,,,,,,,17,14,12,13,,,,,,,6,8,,,,,1,3,,,,,,,,
0.95,1.71,22%,78%,3,22,2,7,,,1,18,64%,89%,4,1,,,1,7,0,8,,,,,,,,,,,2,1,5,8,,,,,,,,,11,20,8,5,,,,,,,6,3,,,,,5,1,,,,,,,,
1.66,0.58,48%,52%,13,6,4,1,,,7,4,78%,79%,1,1,,,4,4,5,1,,,,,,,,,,,1,1,11,12,,,,,,,,,18,12,12,11,,,,,,,3,6,,,,,1,2,,,,,0,1,,
1.86,1.90,52%,48%,10,14,4,5,,,6,11,85%,87%,3,5,,,5,5,1,4,,,,,,,,,,,2,2,11,8,,,,,,,,,14,13,8,11,,,,,,,14,13,,,,,2,3,,,,,1,1,,
1.27,1.74,55%,45%,13,11,2,8,,,5,7,86%,79%,1,1,,,8,3,3,0,,,,,,,,,,,1,0,10,12,,,,,,,,,18,15,12,10,,,,,,,9,5,,,,,6,2,,,,,,,,
1.48,0.98,50%,50%,23,8,11,2,,,9,2,84%,84%,2,2,,,6,4,6,2,,,,,,,,,,,1,3,5,4,,,,,,,,,18,16,4,5,,,,,,,8,12,,,,,1,9,,,,,,,,
1.95,1.16,60%,40%,21,10,6,5,,,9,4,79%,76%,2,2,,,6,3,9,2,,,,,,,,,,,3,0,9,11,,,,,,,,,20,14,11,9,,,,,,,11,10,,,,,4,6,,,,,,,,
2.05,3.14,41%,59%,14,18,7,4,,,10,6,81%,84%,5,3,,,5,10,2,4,,,,,,,,,,,1,2,10,10,,,,,,,,,16,17,10,10,,,,,,,9,5,,,,,1,5,,,,,1,0,,
1.40,0.92,57%,43%,22,11,7,4,,,13,5,86%,79%,1,3,,,9,4,6,3,,,,,,,,,,,2,1,15,10,,,,,,,,,18,17,10,15,,,,,,,5,9,,,,,3,3,,,,,0,1,,
2.34,1.43,41%,59%,11,13,4,3,,,4,7,0%,0%,2,2,,,5,7,2,3,,,,,,,,,,,2,2,11,16,,,,,,,,,13,20,14,10,,,,,,,,,,,,,1,1,,,,,,,,
0.88,0.60,54%,46%,11,10,1,4,,,6,3,0%,0%,1,5,,,7,4,3,2,,,,,,,,,,,0,1,12,13,,,,,,,,,16,14,12,11,,,,,,,,,,,,,4,1,,,,,,,,
2.25,1.07,66%,34%,22,16,8,9,,,11,3,0%,0%,6,4,,,9,1,5,6,,,,,,,,,,,1,3,12,6,,,,,,,,,14,15,12,11,,,,,,,,,,,,,8,7,,,,,0,1,,
0.64,2.07,32%,68%,8,14,2,3,,,0,10,0%,0%,1,2,,,5,6,1,5,,,,,,,,,,,2,3,9,12,,,,,,,,,16,19,12,8,,,,,,,,,,,,,3,2,,,,,,,,
2.32,0.85,59%,41%,29,8,6,2,,,13,1,0%,0%,0,3,,,13,4,10,2,,,,,,,,,,,1,0,9,12,,,,,,,,,21,7,10,9,,,,,,,,,,,,,1,3,,,,,,,,
3.73,0.75,44%,56%,19,17,12,6,,,10,3,0%,0%,2,3,,,4,6,3,5,,,,,,,,,,,5,1,9,10,,,,,,,,,11,13,9,10,,,,,,,,,,,,,3,7,,,,,,,,
0.57,1.17,44%,56%,6,17,2,2,,,0,9,0%,0%,4,1,,,4,11,0,4,,,,,,,,,,,2,3,16,13,,,,,,,,,29,20,12,14,,,,,,,,,,,,,2,1,,,,,,,,
1.59,2.01,58%,42%,20,11,7,4,,,8,3,0%,0%,2,1,,,5,2,8,5,,,,,,,,,,,0,3,11,4,,,,,,,,,11,13,4,10,,,,,,,,,,,,,2,4,,,,,,,,
3.18,0.64,53%,47%,23,9,13,2,,,5,5,0%,0%,0,1,,,6,4,4,3,,,,,,,,,,,3,1,7,15,,,,,,,,,14,28,12,6,,,,,,,,,,,,,1,9,,,,,,,,
0.79,1.27,32%,68%,9,16,5,4,,,3,8,0%,0%,4,2,,,4,7,0,5,,,,,,,,,,,1,0,15,7,,,,,,,,,12,24,7,15,,,,,,,,,,,,,3,5,,,,,,,,
1.86,0.98,40%,60%,14,9,6,3,,,6,4,0%,0%,2,5,,,2,3,6,3,,,,,,,,,,,1,1,12,23,,,,,,,,,23,22,19,12,,,,,,,,,,,,,2,3,,,,,,,,
1.05,3.89,39%,61%,11,24,2,11,,,5,3,0%,0%,5,3,,,6,7,3,6,,,,,,,,,,,2,1,15,13,,,,,,,,,9,18,16,14,,,,,,,,,,,,,8,2,,,,,1,0,,
1.73,1.13,44%,56%,15,7,5,3,,,10,0,0%,0%,4,1,,,5,4,5,0,,,,,,,,,,,2,1,16,10,,,,,,,,,12,12,10,14,,,,,,,,,,,,,1,3,,,,,,,,
0.76,2.36,45%,55%,8,10,3,6,,,2,10,0%,0%,2,3,,,4,3,1,1,,,,,,,,,,,1,2,8,16,,,,,,,,,15,16,16,8,,,,,,,,,,,,,4,2,,,,,,,,
4.11,0.40,75%,25%,36,5,16,3,,,17,0,0%,0%,2,4,,,13,1,7,1,,,,,,,,,,,0,1,8,13,,,,,,,,,22,19,11,6,,,,,,,,,,,,,1,12,,,,,,,,
0.58,0.97,57%,43%,8,19,3,3,,,7,6,0%,0%,2,3,,,4,11,1,5,,,,,,,,,,,1,2,12,2,,,,,,,,,20,19,2,11,,,,,,,,,,,,,2,2,,,,,,,,
3.31,1.14,41%,59%,15,15,7,5,,,8,2,0%,0%,3,2,,,4,5,4,5,,,,,,,,,,,6,2,8,12,,,,,,,,,14,23,11,8,,,,,,,,,,,,,3,3,,,,,,,,
1.15,0.89,41%,59%,8,17,2,5,,,5,8,0%,0%,2,0,,,5,7,1,5,,,,,,,,,,,2,0,12,15,,,,,,,,,24,24,13,11,,,,,,,,,,,,,4,0,,,,,,,,
0.67,1.49,41%,59%,11,14,1,2,,,6,5,0%,0%,2,4,,,5,5,5,7,,,,,,,,,,,7,1,18,11,,,,,,,,,15,13,11,15,,,,,,,,,,,,,1,1,,,,,,,,
1.31,1.12,38%,62%,10,16,4,6,,,5,6,0%,0%,4,4,,,2,4,4,6,,,,,,,,,,,1,0,10,18,,,,,,,,,14,16,14,10,,,,,,,,,,,,,5,3,,,,,,,,
2.62,0.59,78%,22%,33,5,11,3,,,8,2,0%,0%,3,6,,,10,2,12,0,,,,,,,,,,,0,1,9,8,,,,,,,,,24,5,7,10,,,,,,,,,,,,,1,9,,,,,0,1,,
0.84,1.27,71%,29%,14,4,3,3,,,9,1,0%,0%,3,6,,,6,0,5,1,,,,,,,,,,,0,4,13,12,,,,,,,,,29,19,12,11,,,,,,,,,,,,,1,1,,,,,0,1,,
1.03,1.86,33%,67%,9,15,4,6,,,4,11,0%,0%,3,2,,,4,6,1,3,,,,,,,,,,,1,0,13,8,,,,,,,,,9,35,7,12,,,,,,,,,,,,,6,4,,,,,,,,
1.86,0.86,53%,47%,9,10,4,4,,,6,5,0%,0%,3,6,,,0,0,5,6,,,,,,,,,,,1,5,18,13,,,,,,,,,13,14,11,16,,,,,,,,,,,,,3,1,,,,,,,,
2.35,1.33,39%,61%,22,15,11,4,,,6,0,0%,0%,6,0,,,8,8,3,3,,,,,,,,,,,1,6,8,17,,,,,,,,,15,18,16,8,,,,,,,,,,,,,3,8,,,,,,,,
0.88,0.84,58%,42%,12,16,2,5,,,6,1,0%,0%,1,2,,,7,7,3,4,,,,,,,,,,,2,5,13,11,,,,,,,,,25,27,11,12,,,,,,,,,,,,,4,1,,,,,,,,
2.00,1.04,59%,41%,19,19,13,6,,,3,9,0%,0%,1,4,,,3,9,3,4,,,,,,,,,,,0,3,14,10,,,,,,,,,20,21,10,12,,,,,,,,,,,,,6,10,,,,,,,,
1.55,0.75,54%,46%,11,13,3,6,,,2,10,0%,0%,4,4,,,5,3,3,4,,,,,,,,,,,3,1,17,17,,,,,,,,,11,16,16,16,,,,,,,,,,,,,5,2,,,,,,,,
3.91,1.62,48%,52%,23,6,10,6,,,9,4,0%,0%,3,1,,,3,0,10,0,,,,,,,,,,,1,2,10,14,,,,,,,,,18,16,11,9,,,,,,,,,,,,,5,7,,,,,,,,
1.02,2.48,52%,48%,15,12,7,5,,,6,5,0%,0%,5,2,,,4,4,4,3,,,,,,,,,,,2,0,10,19,,,,,,,,,10,9,17,10,,,,,,,,,,,,,2,7,,,,,,,,
1.25,1.79,49%,51%,12,14,5,6,,,4,7,0%,0%,3,3,,,5,4,2,4,,,,,,,,,,,3,2,6,18,,,,,,,,,23,18,17,6,,,,,,,,,,,,,4,4,,,,,,,,
0.84,0.66,64%,36%,15,8,5,4,,,7,6,0%,0%,5,3,,,6,1,4,3,,,,,,,,,,,2,3,11,15,,,,,,,,,26,19,13,10,,,,,,,,,,,,,3,5,,,,,,,,
2.16,0.87,33%,67%,19,10,7,3,,,6,3,0%,0%,6,8,,,9,5,3,2,,,,,,,,,,,4,3,8,17,,,,,,,,,19,27,16,9,,,,,,,,,,,,,2,7,,,,,,,,
2.23,0.75,73%,27%,17,6,8,2,,,6,2,0%,0%,1,4,,,6,3,3,1,,,,,,,,,,,1,3,13,11,,,,,,,,,20,15,10,12,,,,,,,,,,,,,0,5,,,,,,,,
1.76,0.56,70%,30%,21,6,6,1,,,9,2,0%,0%,4,3,,,5,4,10,1,,,,,,,,,,,1,3,15,15,,,,,,,,,16,16,14,16,,,,,,,,,,,,,1,6,,,,,,,,
2.17,1.13,67%,33%,20,9,4,4,,,5,2,0%,0%,0,3,,,6,4,10,1,,,,,,,,,,,3,0,15,12,,,,,,,,,17,25,11,15,,,,,,,,,,,,,2,2,,,,,,,,
1.32,0.66,54%,46%,21,11,5,3,,,3,2,0%,0%,2,3,,,8,5,8,3,,,,,,,,,,,3,2,19,16,,,,,,,,,30,30,15,18,,,,,,,,,,,,,2,4,,,,,,,,
0.89,0.47,70%,30%,14,5,5,3,,,7,2,0%,0%,4,4,,,6,2,3,0,,,,,,,,,,,0,5,5,13,,,,,,,,,32,16,15,6,,,,,,,,,,,,,2,5,,,,,,,,
2.08,0.88,54%,46%,18,8,7,5,,,12,3,0%,0%,3,1,,,6,2,5,1,,,,,,,,,,,1,1,3,9,,,,,,,,,21,10,9,3,,,,,,,,,,,,,4,5,,,,,,,,
1.15,2.61,44%,56%,6,18,4,10,,,0,7,0%,0%,1,4,,,1,3,1,5,,,,,,,,,,,0,0,14,12,,,,,,,,,11,19,11,14,,,,,,,,,,,,,7,4,,,,,1,0,,
1.29,1.43,53%,47%,8,11,3,3,,,5,2,0%,0%,4,1,,,5,8,0,0,,,,,,,,,,,0,2,8,7,,,,,,,,,29,26,7,7,,,,,,,,,,,,,0,3,,,,,,,,
2.34,0.52,63%,37%,13,9,7,3,,,4,4,0%,0%,4,2,,,4,1,2,5,,,,,,,,,,,0,1,15,10,,,,,,,,,15,19,9,13,,,,,,,,,,,,,2,6,,,,,,,,
1.63,1.77,34%,66%,9,20,3,6,,,7,12,0%,0%,4,4,,,4,6,2,8,,,,,,,,,,,2,4,13,17,,,,,,,,,18,23,16,13,,,,,,,,,,,,,5,1,,,,,,,,
0.66,1.84,32%,68%,10,23,2,8,,,3,11,0%,0%,3,2,,,7,11,1,4,,,,,,,,,,,0,1,3,10,,,,,,,,,20,11,10,3,,,,,,,,,,,,,5,1,,,,,,,,
2.59,1.74,37%,63%,20,18,7,6,,,2,8,0%,0%,2,1,,,8,7,5,5,,,,,,,,,,,1,2,7,10,,,,,,,,,23,15,10,7,,,,,,,,,,,,,5,4,,,,,,,,
1.77,2.44,47%,53%,18,17,8,7,,,8,4,0%,0%,2,1,,,10,7,0,3,,,,,,,,,,,2,2,12,7,,,,,,,,,21,21,6,11,,,,,,,,,,,,,4,6,,,,,,,,
1.28,1.32,48%,52%,11,9,4,4,,,8,6,0%,0%,2,3,,,4,2,3,3,,,,,,,,,,,4,0,16,18,,,,,,,,,7,25,15,15,,,,,,,,,,,,,3,3,,,,,,,,
0.24,0.82,57%,43%,9,10,3,5,,,1,4,0%,0%,4,5,,,4,4,2,1,,,,,,,,,,,3,1,28,15,,,,,,,,,7,18,13,21,,,,,,,,,,,,,3,2,,,,,,,,
1.66,1.36,52%,48%,16,11,5,3,,,7,3,0%,0%,3,4,,,7,4,4,4,,,,,,,,,,,4,0,5,16,,,,,,,,,20,20,15,18,,,,,,,,,,,,,2,4,,,,,,,,
1.70,1.63,36%,64%,11,22,7,4,,,3,7,0%,0%,5,2,,,1,11,3,7,,,,,,,,,,,3,1,8,12,,,,,,,,,13,15,12,7,,,,,,,,,,,,,3,6,,,,,1,0,,
2.31,0.55,62%,38%,19,8,8,2,,,9,4,0%,0%,2,3,,,4,3,7,3,,,,,,,,,,,1,2,7,10,,,,,,,,,20,22,10,7,,,,,,,,,,,,,2,6,,,,,,,,
2.01,1.96,39%,61%,16,14,4,5,,,8,9,0%,0%,2,2,,,8,6,4,3,,,,,,,,,,,0,0,7,21,,,,,,,,,20,27,19,8,,,,,,,,,,,,,4,3,,,,,,,,
2.16,2.65,38%,62%,12,14,4,8,,,5,5,0%,0%,2,3,,,8,3,0,3,,,,,,,,,,,3,1,14,14,,,,,,,,,22,15,13,13,,,,,,,,,,,,,2,2,,,,,,,,
1.96,1.34,39%,61%,11,9,3,4,,,4,1,0%,0%,1,3,,,5,4,3,1,,,,,,,,,,,3,1,16,9,,,,,,,,,11,14,8,15,,,,,,,,,,,,,2,3,,,,,,,,
1.37,1.41,59%,41%,14,18,2,3,,,3,3,0%,0%,1,1,,,8,10,4,5,,,,,,,,,,,3,2,19,10,,,,,,,,,18,15,9,17,,,,,,,,,,,,,1,2,,,,,,,,
0.92,0.47,55%,45%,18,10,6,4,,,7,5,0%,0%,2,2,,,8,4,4,2,,,,,,,,,,,0,5,16,16,,,,,,,,,23,10,14,13,,,,,,,,,,,,,3,4,,,,,,,,
2.66,0.37,76%,24%,14,2,5,2,,,10,1,0%,0%,2,3,,,4,0,5,0,,,,,,,,,,,3,1,16,4,,,,,,,,,23,11,4,15,,,,,,,,,,,,,1,1,,,,,,,,
0.26,2.14,65%,35%,5,23,1,8,,,4,10,0%,0%,3,3,,,1,8,3,7,,,,,,,,,,,0,1,15,16,,,,,,,,,15,13,14,13,,,,,,,,,,,,,7,1,,,,,,,,
2.58,0.48,71%,29%,13,10,7,1,,,12,5,0%,0%,,,,,4,7,2,2,,,,,,,,,,,0,4,17,12,,,,,,,,,21,16,11,15,,,,,,,,,,,,,1,3,,,,,,,,
2.34,1.65,48%,52%,14,11,5,4,,,4,4,0%,0%,1,2,,,8,5,1,2,,,,,,,,,,,0,6,14,10,,,,,,,,,21,15,9,13,,,,,,,,,,,,,3,3,,,,,,,,
1.15,0.98,29%,71%,7,15,3,7,,,2,13,0%,0%,1,1,,,3,2,1,6,,,,,,,,,,,2,1,13,12,,,,,,,,,20,20,11,12,,,,,,,,,,,,,6,2,,,,,,,,
0.62,0.82,48%,52%,10,11,3,5,,,4,3,0%,0%,1,1,,,2,4,5,2,,,,,,,,,,,2,1,10,14,,,,,,,,,17,18,12,9,,,,,,,,,,,,,3,3,,,,,,,,
1.52,1.06,46%,54%,9,14,5,6,,,4,7,0%,0%,1,5,,,3,4,1,4,,,,,,,,,,,1,3,17,6,,,,,,,,,16,20,6,15,,,,,,,,,,,,,5,3,,,,,,,,
1.50,1.84,51%,49%,14,15,3,3,,,5,3,0%,0%,1,2,,,8,7,3,5,,,,,,,,,,,1,1,10,19,,,,,,,,,15,21,18,11,,,,,,,,,,,,,1,2,,,,,,,,
1.36,0.55,53%,47%,18,9,6,3,,,8,2,0%,0%,2,2,,,7,5,5,1,,,,,,,,,,,0,1,14,18,,,,,,,,,19,18,17,14,,,,,,,,,,,,,3,4,,,,,,,,
0.44,1.30,37%,63%,9,10,1,5,,,1,5,0%,0%,1,1,,,6,5,2,0,,,,,,,,,,,7,1,9,9,,,,,,,,,31,16,8,8,,,,,,,,,,,,,2,1,,,,,1,0,,
0.38,0.94,22%,78%,3,19,1,5,,,3,12,0%,0%,2,4,,,0,6,2,8,,,,,,,,,,,1,2,15,15,,,,,,,,,12,19,15,16,,,,,,,,,,,,,5,0,,,,,1,0,,
1.28,1.53,54%,47%,14,15,8,5,,,2,6,0%,0%,1,3,,,3,8,3,2,,,,,,,,,,,1,4,9,19,,,,,,,,,27,19,18,9,,,,,,,,,,,,,4,7,,,,,,,,
0.28,2.51,38%,62%,7,18,2,5,,,2,10,0%,0%,3,1,,,3,6,2,7,,,,,,,,,,,5,0,19,10,,,,,,,,,14,24,9,18,,,,,,,,,,,,,3,2,,,,,,,,
1.50,0.16,55%,45%,14,10,5,2,,,7,8,0%,0%,2,3,,,8,6,1,2,,,,,,,,,,,3,1,10,13,,,,,,,,,16,15,12,10,,,,,,,,,,,,,2,4,,,,,,,,
